--
-- PostgreSQL database dump
--

\restrict Is09b9OPLvQzHpeHH4IM3BpvYqgTeTkPrZGlCWXAdEspV1TPyPJOf2Tt3Ulci1J

-- Dumped from database version 16.11 (Ubuntu 16.11-0ubuntu0.24.04.1)
-- Dumped by pg_dump version 16.11 (Ubuntu 16.11-0ubuntu0.24.04.1)

SET statement_timeout = 0;
SET lock_timeout = 0;
SET idle_in_transaction_session_timeout = 0;
SET client_encoding = 'UTF8';
SET standard_conforming_strings = on;
SELECT pg_catalog.set_config('search_path', '', false);
SET check_function_bodies = false;
SET xmloption = content;
SET client_min_messages = warning;
SET row_security = off;

--
-- Name: public; Type: SCHEMA; Schema: -; Owner: arfcoder_user
--

-- *not* creating schema, since initdb creates it


ALTER SCHEMA public OWNER TO arfcoder_user;

--
-- Name: SCHEMA public; Type: COMMENT; Schema: -; Owner: arfcoder_user
--

COMMENT ON SCHEMA public IS '';


--
-- Name: OrderStatus; Type: TYPE; Schema: public; Owner: arfcoder_user
--

CREATE TYPE public."OrderStatus" AS ENUM (
    'PENDING',
    'PAID',
    'PROCESSING',
    'COMPLETED',
    'CANCELLED',
    'SHIPPED',
    'REFUND_REQUESTED',
    'REFUND_APPROVED',
    'REFUND_COMPLETED',
    'REFUND_REJECTED'
);


ALTER TYPE public."OrderStatus" OWNER TO arfcoder_user;

--
-- Name: ProductType; Type: TYPE; Schema: public; Owner: arfcoder_user
--

CREATE TYPE public."ProductType" AS ENUM (
    'BARANG',
    'JASA'
);


ALTER TYPE public."ProductType" OWNER TO arfcoder_user;

--
-- Name: Role; Type: TYPE; Schema: public; Owner: arfcoder_user
--

CREATE TYPE public."Role" AS ENUM (
    'USER',
    'ADMIN',
    'SUPER_ADMIN'
);


ALTER TYPE public."Role" OWNER TO arfcoder_user;

SET default_tablespace = '';

SET default_table_access_method = heap;

--
-- Name: CartItem; Type: TABLE; Schema: public; Owner: arfcoder_user
--

CREATE TABLE public."CartItem" (
    id text NOT NULL,
    "userId" text NOT NULL,
    "productId" text NOT NULL,
    quantity integer DEFAULT 1 NOT NULL,
    "createdAt" timestamp(3) without time zone DEFAULT CURRENT_TIMESTAMP NOT NULL,
    "updatedAt" timestamp(3) without time zone NOT NULL
);


ALTER TABLE public."CartItem" OWNER TO arfcoder_user;

--
-- Name: Category; Type: TABLE; Schema: public; Owner: arfcoder_user
--

CREATE TABLE public."Category" (
    id text NOT NULL,
    name text NOT NULL
);


ALTER TABLE public."Category" OWNER TO arfcoder_user;

--
-- Name: Message; Type: TABLE; Schema: public; Owner: arfcoder_user
--

CREATE TABLE public."Message" (
    id text NOT NULL,
    content text NOT NULL,
    "senderId" text NOT NULL,
    "isAdmin" boolean DEFAULT false NOT NULL,
    "createdAt" timestamp(3) without time zone DEFAULT CURRENT_TIMESTAMP NOT NULL,
    "isRead" boolean DEFAULT false NOT NULL,
    "targetUserId" text
);


ALTER TABLE public."Message" OWNER TO arfcoder_user;

--
-- Name: Order; Type: TABLE; Schema: public; Owner: arfcoder_user
--

CREATE TABLE public."Order" (
    id text NOT NULL,
    "invoiceNumber" text NOT NULL,
    "userId" text NOT NULL,
    "totalAmount" double precision NOT NULL,
    status public."OrderStatus" DEFAULT 'PENDING'::public."OrderStatus" NOT NULL,
    "paymentType" text,
    "snapToken" text,
    "snapUrl" text,
    address text,
    "createdAt" timestamp(3) without time zone DEFAULT CURRENT_TIMESTAMP NOT NULL,
    "updatedAt" timestamp(3) without time zone NOT NULL,
    "deliveryInfo" text,
    "refundAccount" text,
    "refundProof" text,
    "refundReason" text
);


ALTER TABLE public."Order" OWNER TO arfcoder_user;

--
-- Name: OrderItem; Type: TABLE; Schema: public; Owner: arfcoder_user
--

CREATE TABLE public."OrderItem" (
    id text NOT NULL,
    "orderId" text NOT NULL,
    "productId" text NOT NULL,
    quantity integer NOT NULL,
    price double precision NOT NULL
);


ALTER TABLE public."OrderItem" OWNER TO arfcoder_user;

--
-- Name: Otp; Type: TABLE; Schema: public; Owner: arfcoder_user
--

CREATE TABLE public."Otp" (
    id text NOT NULL,
    code text NOT NULL,
    email text NOT NULL,
    "userId" text NOT NULL,
    "expiresAt" timestamp(3) without time zone NOT NULL,
    "createdAt" timestamp(3) without time zone DEFAULT CURRENT_TIMESTAMP NOT NULL
);


ALTER TABLE public."Otp" OWNER TO arfcoder_user;

--
-- Name: Product; Type: TABLE; Schema: public; Owner: arfcoder_user
--

CREATE TABLE public."Product" (
    id text NOT NULL,
    name text NOT NULL,
    description text NOT NULL,
    price double precision NOT NULL,
    discount double precision DEFAULT 0 NOT NULL,
    stock integer DEFAULT 0 NOT NULL,
    type public."ProductType" DEFAULT 'BARANG'::public."ProductType" NOT NULL,
    images text[],
    "categoryId" text,
    "createdAt" timestamp(3) without time zone DEFAULT CURRENT_TIMESTAMP NOT NULL,
    "updatedAt" timestamp(3) without time zone NOT NULL
);


ALTER TABLE public."Product" OWNER TO arfcoder_user;

--
-- Name: Service; Type: TABLE; Schema: public; Owner: arfcoder_user
--

CREATE TABLE public."Service" (
    id text NOT NULL,
    title text NOT NULL,
    description text NOT NULL,
    price text NOT NULL,
    icon text NOT NULL,
    "createdAt" timestamp(3) without time zone DEFAULT CURRENT_TIMESTAMP NOT NULL,
    "updatedAt" timestamp(3) without time zone NOT NULL
);


ALTER TABLE public."Service" OWNER TO arfcoder_user;

--
-- Name: User; Type: TABLE; Schema: public; Owner: arfcoder_user
--

CREATE TABLE public."User" (
    id text NOT NULL,
    email text NOT NULL,
    password text,
    name text,
    role public."Role" DEFAULT 'USER'::public."Role" NOT NULL,
    "isVerified" boolean DEFAULT false NOT NULL,
    "googleId" text,
    "createdAt" timestamp(3) without time zone DEFAULT CURRENT_TIMESTAMP NOT NULL,
    "updatedAt" timestamp(3) without time zone NOT NULL,
    avatar text,
    "phoneNumber" text,
    "resetToken" text,
    "resetTokenExpiry" timestamp(3) without time zone
);


ALTER TABLE public."User" OWNER TO arfcoder_user;

--
-- Name: _prisma_migrations; Type: TABLE; Schema: public; Owner: arfcoder_user
--

CREATE TABLE public._prisma_migrations (
    id character varying(36) NOT NULL,
    checksum character varying(64) NOT NULL,
    finished_at timestamp with time zone,
    migration_name character varying(255) NOT NULL,
    logs text,
    rolled_back_at timestamp with time zone,
    started_at timestamp with time zone DEFAULT now() NOT NULL,
    applied_steps_count integer DEFAULT 0 NOT NULL
);


ALTER TABLE public._prisma_migrations OWNER TO arfcoder_user;

--
-- Data for Name: CartItem; Type: TABLE DATA; Schema: public; Owner: arfcoder_user
--

COPY public."CartItem" (id, "userId", "productId", quantity, "createdAt", "updatedAt") FROM stdin;
\.


--
-- Data for Name: Category; Type: TABLE DATA; Schema: public; Owner: arfcoder_user
--

COPY public."Category" (id, name) FROM stdin;
cmkwcwsbg00001191b3fsrigl	Software
\.


--
-- Data for Name: Message; Type: TABLE DATA; Schema: public; Owner: arfcoder_user
--

COPY public."Message" (id, content, "senderId", "isAdmin", "createdAt", "isRead", "targetUserId") FROM stdin;
\.


--
-- Data for Name: Order; Type: TABLE DATA; Schema: public; Owner: arfcoder_user
--

COPY public."Order" (id, "invoiceNumber", "userId", "totalAmount", status, "paymentType", "snapToken", "snapUrl", address, "createdAt", "updatedAt", "deliveryInfo", "refundAccount", "refundProof", "refundReason") FROM stdin;
cmkwfegsg0001t467g6gz8rul	INV-1769508043635-767	cmkwd1cmj0000lr1j5c7nuudu	900000	PAID	\N	24f0a832-d8a3-4a92-98bc-ec609ec3a339	https://app.sandbox.midtrans.com/snap/v4/redirection/24f0a832-d8a3-4a92-98bc-ec609ec3a339	Ambatukanmm	2026-01-27 10:00:43.648	2026-01-27 10:00:53.592	\N	\N	\N	\N
cmkwffasz0005t467nr0nez4c	INV-1769508082532-588	cmkwd1cmj0000lr1j5c7nuudu	900000	PENDING	\N	0d9ff6c2-9368-40ed-baf7-e6052a0077c4	https://app.sandbox.midtrans.com/snap/v4/redirection/0d9ff6c2-9368-40ed-baf7-e6052a0077c4	Xx	2026-01-27 10:01:22.547	2026-01-27 10:01:22.927	\N	\N	\N	\N
cmkwfgfi2000at4678o6h3ozr	INV-1769508135275-475	cmkwffyhs0008t467cf2df2nu	1500000	PAID	\N	76106f90-a169-47e1-8a76-1c640c166303	https://app.sandbox.midtrans.com/snap/v4/redirection/76106f90-a169-47e1-8a76-1c640c166303	X	2026-01-27 10:02:15.291	2026-01-27 10:02:26.104	\N	\N	\N	\N
cmkwm4rui0001q8sxrghs4i00	INV-1769519348729-329	cmkwd1cmj0000lr1j5c7nuudu	900000	PENDING	\N	d8cd3fd4-c351-458c-91cd-4bc0a6e037fd	https://app.sandbox.midtrans.com/snap/v4/redirection/d8cd3fd4-c351-458c-91cd-4bc0a6e037fd	a	2026-01-27 13:09:08.73	2026-01-27 13:09:08.93	\N	\N	\N	\N
\.


--
-- Data for Name: OrderItem; Type: TABLE DATA; Schema: public; Owner: arfcoder_user
--

COPY public."OrderItem" (id, "orderId", "productId", quantity, price) FROM stdin;
cmkwfegsg0003t4672dpxihrg	cmkwfegsg0001t467g6gz8rul	cmkwcwsbn00021191wcugrbpn	1	900000
cmkwffasz0007t467aiidfg3x	cmkwffasz0005t467nr0nez4c	cmkwcwsbn00021191wcugrbpn	1	900000
cmkwfgfi3000ct46746rg4kzk	cmkwfgfi2000at4678o6h3ozr	cmkwcwsbn000111918u4ajdq9	1	1500000
cmkwm4rui0003q8sxkkunj1vu	cmkwm4rui0001q8sxrghs4i00	cmkwcwsbn00021191wcugrbpn	1	900000
\.


--
-- Data for Name: Otp; Type: TABLE DATA; Schema: public; Owner: arfcoder_user
--

COPY public."Otp" (id, code, email, "userId", "expiresAt", "createdAt") FROM stdin;
\.


--
-- Data for Name: Product; Type: TABLE DATA; Schema: public; Owner: arfcoder_user
--

COPY public."Product" (id, name, description, price, discount, stock, type, images, "categoryId", "createdAt", "updatedAt") FROM stdin;
cmkwcwsbn000111918u4ajdq9	ArfCoder E-Commerce Template	Template e-commerce siap pakai dengan desain minimalis.	1500000	0	99	JASA	{https://images.unsplash.com/photo-1593720213428-28a5b9e94613?q=80&w=870&auto=format&fit=crop&ixlib=rb-4.1.0&ixid=M3wxMjA3fDB8MHxwaG90by1wYWdlfHx8fGVufDB8fHx8fA%3D%3D}	cmkwcwsbg00001191b3fsrigl	2026-01-27 08:50:59.556	2026-01-27 10:02:15.327
cmkwcwsbn00021191wcugrbpn	Custom Web Development	Jasa pembuatan website kustom sesuai kebutuhan Anda.	1000000	10	996	JASA	{https://images.unsplash.com/photo-1593720213428-28a5b9e94613?q=80&w=870&auto=format&fit=crop&ixlib=rb-4.1.0&ixid=M3wxMjA3fDB8MHxwaG90by1wYWdlfHx8fGVufDB8fHx8fA%3D%3D}	cmkwcwsbg00001191b3fsrigl	2026-01-27 08:50:59.556	2026-01-27 13:09:08.739
\.


--
-- Data for Name: Service; Type: TABLE DATA; Schema: public; Owner: arfcoder_user
--

COPY public."Service" (id, title, description, price, icon, "createdAt", "updatedAt") FROM stdin;
web-development	Web Development	Pembuatan website profesional (Company Profile, Toko Online, Dashboard) dengan teknologi modern seperti Next.js, React, dan Tailwind CSS.	Mulai Rp 1.500.000	Globe	2026-01-27 09:47:29.733	2026-01-27 09:47:29.733
mobile-app-development	Mobile App Development	Pengembangan aplikasi mobile Android & iOS kustom yang responsif, cepat, dan memiliki pengalaman pengguna terbaik.	Mulai Rp 5.000.000	Smartphone	2026-01-27 09:47:29.74	2026-01-27 09:47:29.74
backend-system-&-api	Backend System & API	Pembangunan arsitektur server yang aman, scalable, dan terintegrasi dengan database PostgreSQL atau MySQL.	Mulai Rp 2.000.000	Database	2026-01-27 09:47:29.744	2026-01-27 09:47:29.744
whatsapp-bot-integration	WhatsApp Bot Integration	Integrasi chatbot WhatsApp otomatis untuk notifikasi OTP, customer service, atau sistem manajemen inventaris.	Mulai Rp 1.000.000	MessageSquare	2026-01-27 09:47:29.748	2026-01-27 09:47:29.748
ui/ux-design	UI/UX Design	Desain tampilan antarmuka aplikasi yang modern, elegan, dan fokus pada kemudahan penggunaan bagi pelanggan Anda.	Mulai Rp 800.000	Palette	2026-01-27 09:47:29.752	2026-01-27 09:47:29.752
seo-&-digital-marketing	SEO & Digital Marketing	Optimasi mesin pencari agar website Anda muncul di halaman pertama Google dan meningkatkan trafik pengunjung organik.	Mulai Rp 500.000	Search	2026-01-27 09:47:29.757	2026-01-27 09:47:29.757
\.


--
-- Data for Name: User; Type: TABLE DATA; Schema: public; Owner: arfcoder_user
--

COPY public."User" (id, email, password, name, role, "isVerified", "googleId", "createdAt", "updatedAt", avatar, "phoneNumber", "resetToken", "resetTokenExpiry") FROM stdin;
cmkwdc5lv0000k3gkceyylgu2	admin@arfzxdev.com	$2b$10$cOpwECrZ3LC2Bzzy8/POuucLDMWGa8kwSHvC3Ij4ibtVRsm8TAOWu	Super Admin	SUPER_ADMIN	t	\N	2026-01-27 09:02:56.611	2026-01-27 09:46:05.139	data:image/x-icon;base64,AAABAAEAICAAAAEAIACoEAAAFgAAACgAAAAgAAAAQAAAAAEAIAAAAAAAABAAAAAAAAAAAAAAAAAAAAAAAAAAAAAAAAAAAAAAAAAAAAAAAAAAAAAAAAAAAAAAAAAAAAAAAAAAAAAAAAAAAAAAAAAAAAAAAAAAAAAAAAAAAAAAAAAAAAAAAAAAAAAAAAAAAAAAAAAAAAAAAAAAAAAAAAAAAAAAAAAAAAAAAAAAAAAAAAAAAAAAAAAAAAAAAAAAAAAAAAAAAAAAAAAAAAAAAAAAAAAAAAAAAAAAAAAAAAAAAAAAAAAAAAAAAAAAAAAAAAAAAAAAAAAAAAAAAAAAAAAAAAAAAAAAAAAAAAAAAAAAAAAAAAAAAAAAAAAAAAAAAAAAAAAAAAAAAAAAAAAAAAAAAAAAAAAAAAAAAAAAAAAAAAAAAAAAAAAAAAAAAAAAAAAAAAAAAAAAAAAAAAAAAAAAAAAAAAAAAAAAAAAAAAAAAAAAAEUqIQBBKSIBSy0eDEwuGxZLLxoXSi8aDj8sGQJGLxoAAAAAAAAAAAAAAAAAAAAAAAAAAAAAAAAAAAAAAAAAAAAAAAAAAAAAAAAAAAAAAAAAAAAAAAAAAAAAAAAAAAAAAAAAAAAAAAAAAAAAAAAAAAAAAAAANSUbAFsuIwBVLiMNWS4iTVsxI5dZMh/FVzMc2VU0G9tVNBvMVDQbpFMzG2FTMRwdPR8VAEosGQAAAAAAAAAAAAAAAAAAAAAAAAAAAAAAAAAAAAAAAAAAAAAAAAAAAAAAAAAAAAAAAAAAAAAAAAAAAAAAAABCKysAQisrATsnKAGpVT8AWy0nNWMxKbRjMib5YDIj/1wzIPBYMxzWVTQbw1Y0G7xXNBzCVzUczVYyHLxUMBpqTi4YElEwFwBHJhoAAAAAAAAAAAAAAAAAAAAAAAAAAAAAAAAAAAAAAAAAAAAAAAAAAAAAAAAAAAAAAAAAcztCAHs/RgJeNDcbRiwuCWYxLElnMSvgZTAp8WMxKK5aLyJkVDAeME8vHBVILhgKSS8bB0gsGw9QLx0aUDAZKlMwGFlQLhlaRSUXFlItGQAuHBQAAAAAAAAAAAAAAAAAAAAAAAAAAAAAAAAAAAAAAAAAAAAAAAAAAAAAAGU6OwB6QEgAe0BHKnI9RC5gLSc4ZjEr1WYyLKhdLSc6VSgkB2EtJwARCQ4AAAAAACYhGwBSLBwASSkaE1guH2ZeMCJlYDAnF0IlFAc+IRUOHBERACwbFAAAAAAAAAAAAAAAAAAAAAAAAAAAAAAAAAAAAAAAAAAAAAAAAAAAAAAAdjtCAHY8QhN5PENfZi8vGGMvKY1hLilfVy0pCF4uKQAAAAAAAAAAAAAAAAAAAAAAAAAAAAMAAABcLBsASh8RFWAuIYtlMSTGYzIkVlQtIwVZLyMAAAAAAAAAAAAAAAAAAAAAAAAAAAAAAAAAAAAAAAAAAAAAAAAAPzE0ADwwMwCJS1QAfUNMWJdwdnCUfnxVmYB9YtbX1wnIw8MAAAAAAAAAAAAAAAAAAAAAAAAAAAC8u7sAysrKAMfHxxvW19c2ysLBP3lPQ5xmMyTrYTAigVUrHQtZLB4AAAAAAAAAAAAAAAAAAAAAAAAAAAAAAAAAAAAAAAAAAABfNj0AYDY9C2U0PBSJTliOsaiq0YmHh/SEg4PqPT09cgAAABYDAwMAAAAAAAAAAAAAAAAAAAAAAMnJyQDMy8sGyMjIo56dnfaGhIXwWlZWkUojGLZlMiL4YzMijVkwJwpdMCYAAAAAAAAAAAAAAAAAAAAAAAAAAAAAAAAAaDY+AHw+RwB4O0VDezxHOIVCTYetqqt+NjY2/BMREbs5ODjqCAgIgBoYGAADAwMAAAAAAAAAAAAAAAAAysrKANDQ0DmxsbHtMjIy7k5OTfIdHBz1DQUDamY0I7NnNST7ZTMmcP+QTQBYLyMAAAAAAAAAAAAAAAAAAAAAAAAAAAB2PUcAej5IEH8+SYGBPkk5gz5Jks/HyCptbW3eERERkKKhoaMnJyfWAAAAGwMDAwAAAAAAAAAAAMvLywDS0tIBzs7OknJycv9PT07Gp6em9SAgIMoAAAASYjIkO2c0JuxpNinfZjUqJ2c1KgAAAAAAAAAAAAAAAAAAAAAAAAAAAIA/SQCAP0k3g0JMoYE/STCCPkiNvIKJBKenp40uLS3dgYCAbFpaWu02NjaN0tLSWs3OzF7Nzsxdzc7MXc/Qzmy4uLjkNjY266Cfn9NpaWr+AAAAaw4KCgA9HxoDZDInmG44Lf9uOTFyeDwwAFMxLQAAAAAAAAAAAAAAAAAAAAAAhEFJAIBAR2GDQkqydztEInk5Q1e6qawA1dXVNGRkZOkYGBiElpaWszk5Of9oaGj9a2tq/Gxsa/xrbGv8bGxs/VFRUf8dHR2gmJeYkx4eHu0AAABvBQYFBF8wKQBlMys+czs09XU9ObJfNDYGZTU1AAAAAAAAAAAAAAAAAAAAAACHQ0kAfkBFfIBBR8ZyO0MVcTlBHJRvdAD///8EnJ2dpCQlJc+ZmZlySkpK+AEBAag6ODiNQkJBmEJCQZZDQkKXRENDln9+flGPjY1RX15d6BQTFMYAAAAMOyEfAGY3Mw55PjzGez8/2HI8PBZxPDwAAAAAAAAAAAAAAAAAVC0tAIpCSAB9PkKEgEBG4Hk/Rx2LQUoAVz9BAMXGxgDNzs5GWVlZ7igoKHiHh4fJHBwcuLm3to+YmJfgiImI6oyMjOuMi4vvjIqK7o6MjPJ4dnb/ExMTxQAAAAwKBwcArVJTAHw/P5GAQULoeT1BI3k9QQAAAAAAAAAAAAAAAABPJiYAhkBEAHs8QXmBP0T4fEBFRH9ARQAAAAAAz87OAP///wqRkZG4Ghoav6GhoXtCQkLtDQwMSjU1NYFJSUn9FBQU8AsLC6QJCAjWDAoKvAwJCZgDAwN1AwMDB2RARAEAAAAAfUFDaIJDReV8P0Qkez9EAAAAAAAAAAAAAAAAAAAAAAB7Oz8Adzk+Wnw7P/93OTuHrFFYAGAwLwDMzMwAtra2AMHBwVlMTEzvOzs7a35+ftQLCwufxcXFeIuLi/8ODg6iAAAAIgICAq8CAgIoAgICAAAAAABkNz0AZDc9DmE2OymAREhOhEVL0XxCSRd7QkgAAAAAAAAAAAAAAAAAAAAAAG81NwBuNDcsdTY36XQ3NdVrNjMcbDYzAAAAAADNzc0A7u7uFIiIiMwXFxewlpaWbioqKsyhoaHnR0dH8gAAAEECAwRmAgICiQYGAQEDAwMAAAAAAHY9QgB2PUIodz1CZYRGTkeGR0+reENKB3pDSgAAAAAAAAAAAAAAAAAAAAAAYy4uAFwsLQZtMy6mcTYw/2w2MHGTRDoAVy0pAMzMzACTk5MAt7e3cEBAQO8AAAA/i4uLfIuLi/8SEhKvAAAAHAMEBasEBAY0BAQGAAAAAAAAAAAAf0BGAH5ARjt+PkWGg0dRT4RIUW6QSVYAZkRGAAAAAAAAAAAAAAAAAAAAAAAfGBMAazIrAGYxKT1rMyrrZzIo3FwtIStgLiMAGw0TAMbGxgDa2togb25vyBMSE6DDw8O1UlJS+gAAAE0CAgJWAgIClQcGBgQFBAQAAAAAAAAAAACDRUwAgkVLNoBDSn99RE9MfkRPKn9ETwAAAAAAAAAAAAAAAAAAAAAAAAAAAAAAAABaLCIAWSwqAl4uInFeLiD4Wy8eqlItGw9ULhwAv7+/AP///wJaWlskYmJhtJiYl/4ZGRm9AAAAGgICA6QCAgJCAgICAAQDAwAkGhgAJBoYAI9MVQB/RU1Of0VOZnA/SBx4QkwFekJMAAAAAAAAAAAAAAAAAAAAAAAAAAAAAAAAAAAAAABKJRkARCEXB1UqG3lZLxvvWDAbjlEtGwpTLhsApqamAGxucwG/v717U1JR8gAAAIQCAwNdAwQFoQMDAwkDAwMATSsaAIpPJgBBJhUjNR8UD3tASG96QEgxkUZQAGg4PQAAAAAAAAAAAAAAAAAAAAAAAAAAAAAAAAAAAAAAAAAAAAAAAABJJxkAQSMXBlQsGlBVLhnAUy4ajFAvHBdkOSUAAAAAAD4+PRwIBgafAwEBqQICAqsEBARGAwMDAEQtGgA7LBoDUDAZT0wsFnFtOT0heT1FZ3I6QAZwOkEAAAAAAAAAAAAAAAAAAAAAAAAAAAAAAAAAAAAAAAAAAAAAAAAAAAAAADwlEAA6JBENRicRL0koFCJRLhpMTi4bQDomGgUtHRMAAAAAAgQDAwcCAgMIAAAABgAAAAE+Kx4BTzIZJVIyGI5SMRjHTS0WLnI7RT93PEYleD5HAAAAAAAAAAAAAAAAAAAAAAAAAAAAAAAAAAAAAAAAAAAAAAAAAAAAAAAAAAAARScTAC8WCwBKKRM3TCsWiU8uGGVMLhgtRSwYET0rFwUpKBoBQzAfA041HQpQMx0eTzEYSlIzGZJVNBjhVDMY5VAxGExXLjcTZjM7IoBFTwFtOUEAAAAAAAAAAAAAAAAAAAAAAAAAAAAAAAAAAAAAAAAAAAAAAAAAAAAAAAAAAAAAAAAAQiMVAG5JHwBMLBYoTy4XmU8vFthPLhbQUjEXtlMzF6hTMxitVDQawlU1GuBVNRn6VTQY/lQzGMhPMBhCEygpAUYtLwdWMDQCWjA1AAAAAAAAAAAAAAAAAAAAAAAAAAAAAAAAAAAAAAAAAAAAAAAAAAAAAAAAAAAAAAAAAAAAAAAAAAAAAAAAAEUrFQBCKRUGSiwUO04uFY1TMRfJUzEX51IwFvJRMRfxUzIY4FU0GrZQMhhoSi0XF1o2FAA4JBsAAAAAAAAAAAAAAAAAAAAAAAAAAAAAAAAAAAAAAAAAAAAAAAAAAAAAAAAAAAAAAAAAAAAAAAAAAAAAAAAAAAAAAAAAAAAAAAAAAAAAAAAAAAA5JBQAMSESAUorFw1LLBUiSCsUMUksFTBJLRUeSDAbCGw+DAApIiEAAAAAAAAAAAAAAAAAAAAAAAAAAAAAAAAAAAAAAAAAAAAAAAAAAAAAAAAAAAAAAAAAAAAAAAAAAAAAAAAAAAAAAAAAAAAAAAAAAAAAAAAAAAAAAAAAAAAAAAAAAAAAAAAAAAAAAAAAAAAAAAAAAAAAAAAAAAAAAAAAAAAAAAAAAAAAAAAAAAAAAAAAAAAAAAAAAAAAAAAAAAAAAAAAAAAAAAAAAAAAAAAAAAAAAAAAAAAAAAAAAAAAAAAAAAAAAAAAAAAAAAAAAAAAAAAAAAAAAAAAAAAAAAAAAAAAAAAAAAAAAAAAAAAAAAAAAAAAAAAAAAAAAAAAAAAAAAAAAAAAAAAAAAAAAAAAAAAAAAAAAAAAAAAAAAAAAAAAAAAAAAAAAAAAAAAAAAAAAAAAAAAAAAAAAAAAAAAAAAAAAAAAAAAAAAAAAAAAAAAAAAAAAAAAAAAAAAAAAAAAAAAAAAAAAAAAAAAAAAAAAAAAAAAAAAAAAAAAAAAAAAAAAAAAAAAAAAAAAAAAAAAAAAAAAAAAAAAAAAAAAAAAAAAAAAAAAAAAAAAAAAAAAAAAAAAAAAAA/////////////A////AD//8gAP/+AAB//gPgf/wP8H/8H+A/8A/AH/APwB/gB4AP4AABD+EAAIfhAACH44AAx+OAAEfjwAcH4cAHB+HgDw/w4A8P8GAfD/gwHD/8GDA//AgAf/4AAH//AAD//4AP///gP/////////////////8=	\N	\N	\N
cmkwffyhs0008t467cf2df2nu	arifqidzzt@gmail.com	\N	ARIFQI_ Edzzt	USER	t	103160917197960782955	2026-01-27 10:01:53.249	2026-01-27 10:01:53.249	\N	\N	\N	\N
cmkwd1cmj0000lr1j5c7nuudu	arfzxcoder@gmail.com	$2b$10$fd7RzdlvOG0dB6Jq.n9siOJR/afdrcrEgHXmDmJEX3MBZeAeJGKji	ArfZX	SUPER_ADMIN	t	\N	2026-01-27 08:54:32.491	2026-01-27 12:21:28.243	data:image/png;base64,iVBORw0KGgoAAAANSUhEUgAAAXEAAAFxCAYAAACFh5ikAAAQAElEQVR4Aex9B4CdVZX/Ofdrr01LJpXQQ++GXoMiKK4KYlCxYV3L6ur6V9fV3c266rquura19y4IFgQsIEgLIJEaeoeE9Ex5/Wv/3++++SaTkDaTADOT9+Y777Zzz7333Ht/93zne++NkfarrYG2BtoaaGtgwmqgDeITduraHW9roK2BtgZE2iDeXgVtDbQ18OxqoN3aDtVAG8R3qDrbwtoaaGugrYFnVwNtEH929d1ura2BtgbaGtihGmiD+A5VZ1vY5NRAe1RtDYxfDbRBfPzOTbtnbQ20NdDWwFY10AbxraqozdDWQFsDbQ2MXw20QXz8zs329Kxdt62BtgZ2Eg20QXwnmej2MNsaaGtgcmqgDeKTc17bo2proK2BnUQD4wbEdxJ9t4fZ1kBbA20N7FANtEF8h6qzLaytgbYG2hp4djXQBvFnV9/t1toaaGtg3GhgcnSkDeKTYx7bo2hroK2BnVQDbRDfSSe+Pey2BtoamBwaaIP45JjH9ih2Dg20R9nWwNM00Abxp6mkndHWQFsDbQ1MHA20QXzizFW7p20NtDXQ1sDTNNAG8aeppJ2xIzXQltXWQFsDz6wG2iD+zOq3Lb2tgbYG2hp4RjXQBvFnVL1t4W0NtDXQ1sAzq4E2iG+s33a6rYG2BtoamEAaaIP4BJqsdlfbGmhroK2BjTXQBvGNNdJOtzXQ1kBbA8+uBrartTaIb5f62pXbGmhroK2B51YDbRB/bvXfbr2tgbYG2hrYLg20QXy71Neu3NbAzqmB9qjHjwbaID5+5qLdk7YG2hpoa2DUGmiD+KhV1q7Q1kBbA20NjB8NtEF8/MxFuyfPpAbastsamKQaaIP4JJ3Y9rDaGmhrYOfQQBvEd455bo+yrYG2BiapBtogPm4ntt2xtgbaGmhrYOsaaIP41nXU5mhroK2BtgbGrQbaID5up6bdsbYG2hpoa2DrGtiRIL711tocbQ20NdDWQFsDO1QDbRDfoepsC2troK2BtgaeXQ20QfzZ1Xe7tbYG2hrYkRpoy5I2iLcXQVsDbQ20NTCBNdAG8Qk8ee2utzXQ1kBbA20Qb6+BtgaeVQ20G2trYMdqoA3iO1afbWltDbQ10NbAs6qBNog/q+puNwYNKIgXQxLjzzRl7WThM91eW35bA8+aBtog/qypesI2tKM7ng4JzEIzbdqBpY5djp7avecRu/fsfeTBU/c88uju3Q87tXuPw8/q2WveeVP3POL1oDdkNG2v571pOvJ69z7y1aXdDlkw/YDjzpo+9+gzpux91PHFXQ4/fNrex82dvucxM+bMOS6PtrjGs7aysA3mUEz7mhwa4AKfHCNpj2Ica2CBU5p7xLTCrgcd1b37Ua/o2vu4D07bf/5XZhxw6iVT9znpurSn9+ZcKX+r43fe5nilGzUoXefkuq8wua5fRRr8pGnyPww1/4Nhktx3m5r/YSzBz3KFqRc0Q+dXjdS7TN3i1V1TZ9xkch23aqHr9nhK903T933+n6btd+q3dz3kRR/zZx9+1uwDTztil/1fMGUcK6vdtbYGRqWBNoiPSl1t5s1oILNstWu3Q3q6dj3iyFkHnPj6WQee9KmZ+5/ym+69li7uLEy/TZ0pV7mFqT8rdMz4TH8lfXc9Dl6SuqXjEqdwQGzyu6ZuoTtx8sXEK3ipXzTiFSXXMXUT1Iu8XglKUyVxA5kycxfp7J0B/oLXTF0/dXOlZurMiMQ9JPULz68007esGiz/55Tpsy/ob9Sub3jyt/zuR143/aCTvjl1n6PfM33u0cdN2+OomSLtj9xCB+1rgmlgUoL4BJuDCdzd+e6M3U7cq3vX41/Wu/epn5k299Q/d3bOuSOXn3J1HPvfDhP/I6H4L+vsmXlYPTSzS129RXFyfqMpMm3aHMnlO8R4OVBgyQEgkwxCkoOyVF0hJcYVQZyUqCOkFHnFUpesXLVWmmEiQT4vrB9GiRRL3ZKKK0mqMm36LOnsmiKNZuJ1dE3JR7HZrdg19YQo9d5m/NIX06BwldfVdfvMQ+ZfOeeQ+V+esd8JL5t98FG7SvvV1sAE0EAbxCfAJI2fLi5wunY9fu8pe55w7oz9nv+t7rnpzc1c/qa00PHzxM99EGA4v6HuHM2Xim6xy/cKnRIUuiRKjQS5gqjjiuO54gWuhElTUk3EUQNCPgAaMZjCjhjwa6IisYgz/KeiqWxAQGhp1EMp5EuSgj8CkKdpKp7nSbNZF2PEttcIm2IcT/xcTlJx0JeiOG5eXFj6TlBUN1cKcLhMN15pfuwW/8HJdV0gZsotsw554VW7Hv7CT8064OSTZxx6elHar7YGxqEGsMzHYa/aXRo3GuiYPa935gEnnDl135O+1LnXihv9jq6/ar7rRwC7t5a6ZxwRlLp7C6WuXK5IwO4QL1cUNygILWzHBWiqkXSINhxUsmFyRGokWBOoh2kETxYlaJOy9MYhy5IkERKBnqQAckvGEwWJekD7wJJxciJuLhCvaEE9lOAjcPH8IXC9O/acd+YPdj3ktJdPmXtMp7RfbQ1soIHnLmGeu6bbLY9XDcza84jdZ+x79Ft79znut0Epf8tgNbpIneA9hc7OI0udnT2u7/mFYlHCOBJVtcMYCZZRFAkpDMPhMhvZxBu8HQB5eRqJUZuXSCqkjflYTlLV4T5sQvxwlqrauKpafmOMkMTATWMcSeGiIQlCA6ud5LiB5GDlB/mOnBMU9orVvCFM5Zeel7tr1kEn/XD3w55/dhvQrVrbb8+hBtog/hwqfzw1PXvfeb2z9zv+TTP3P/F3TnHK3xLNf8Xxiy+FH3t3zy/munqmSSpGBsplUQBfpVYVui1UW6CoqpscDsE9KxgZz/KyUFUtuKpqljWcVm3lqarNM8bYUFUtEDO9OXIcx/KoturK0Eu1lWafUpwQGcWi8OIoDg4XhHgiUo9CaYaxpOpJodjplrqn7BrG7uvD2Py0VOi8DWD+pRkHnHCsyAJH2q+2Bp5lDZhnub12c+NJA/PmedMPOOWFPXue/INqWPhbNQq+nprSS0zQNcV4pSDRQCqNWPIdXVKtNa1VWijSZZIXxw/g695wMKpqM1Q3DJlJsGSYkaqK6nrK8jcOWY/E/CxkPCPVLcsYWWdkPKsvOJhSUAIgH0kx/O8x8sT4ki/Crx8LxpyDPiIZqDZk6ozZYnKlnAmKe/bXovcUSlP/uMdRlStnHHDSq2fPm1dYL3/cxtodmyQaMJNkHO1hjEIDM/Y+fnrvnvM+MGWd/7dKTX7XEO8NxZ4Zu/qFTt8rdEszNuLnOyVfgutXPfED+LkB2mvWrENZIpVKRVzXlWazKfQ1b0xxHNt8hgRO0ii6J6r6NPZMBsPNESttXDaybyzfmFTZlrFtqipCGtPGsiWiwjuOMpTk+gXpG6hKR2cP9FGQFavXWv0MNiLJd06V2AQd68rNU3D4/TiuT7l55gGnvLNnr3ldVlD7ra2BZ1ADrdX6DDbQFj1uNGCm7nXUC6buc9x3GmlyRzPxPxuUphwcFDr8IoBpENYlH0b2DQzCbWCk3gylUm+IOp5U601phLGUOrsljlLxvZzwUyEdpS7rqjBwb4ykzIXBcKyjV1VbVVWH21BVUd2QZMSLAD4iORxV3bCOqg6XsY5KAltcLclGL9/PSaFQgE5EPN+XgUpV/FwB1nkHQL0sxa5u8fJFWOd16ezpFeMX4EovHVRtpl/t6Jz2t5kHnvz/dj/gpFkbiW0n2xrYYRowO0xSW9D41MAee+Sm7X/s+VPmHn9t4uQud/yONwcdU2cEHVOkmYio40qcppIDUFXrdeFnrYGaAC21H9ujNS14ZVZ3ls4HgQz09dkHmNHQg0yWZZYvwZGEqtt18SAwQ4dEFqoqumgsqerTgF1VJXuxfkYj67Oc/dMkZVQ0hb8EMU2hFIA6y1LkqaoMDg7aNlK4V/gcoFqt2zTjNRx+dbia8oWSNBqx4BJ1fXH9Ig7BeK9EvP+pJnLLbofOXzh9z2NmoIn21dbADtVAG8R3qDrHj7DuPQ7v7trz8A9OdWfdnKTBd41XOB4A7iXGlyhxJIGbJFZXxEGfnVjCpC6OL5LisV4UN21oUGYkgYWaSOAhkUTiAlATgjYsdc/zLJilRoWUqMiWiDwZZXxofbOXKuSm6QblqtpqE/kEWlXdoJwJ5jMkqbZkZHkMs4OmVZ6KAXAbjNhIIo4iTWIaYRpHks/5ksSheC44kqR1eAD8Kct1VBzsohT5gpeqws0UQZeBGFjxsfhivNLseuT8u1Mo3DJj/xM+0rvfCR1gbV9tDewQDWD57RA5bSHjRQO9+3X07nPUvxo3d6fjlz7jFToOcXMldYIiwCQQcUEA8sQAgI0L2EolTSNRgLcgFImQDjEahjHCBCSiqpaMKEBdhS9gHINtJoJeRqzEOMOt0Ug+xklZnZFxVRVVtSBrjBHHcWxatZWvuokwFVjhYl8KMGfEIE90aNw2wdynE4tI7APJcqQAemgoUSOCg9IBkDfiVIJCt0TGn+MGHZ/KFUq3TJl79FsED5al/WprYDs1gJW2nRLa1TevgWexZMrcuZ09ex394d133eNWdUsfD4pdcxL1Rd0CCJYkQDsFqKQAmJQAg74ReAhcCiinNerQ+tyAEmGZ5QHAMTQjynUbUFx1E8CJPDQvqpCuIsl2EOVkpKpWZgbgDLOyzYYAa8NxIGwBdwLWRKwuMGb0zqazkHoiIROHHQ5AHH5GEmEeSYHqlihBHRHHlXxHt9SakfDuJ0o91PD3Tb2Ob88Kp/5h5n7HnCrtV1sD26GBNohvh/LGRVVYc7MOOuVtUTTlr+IEny7Xor3pMolxG+/nOyQGQkYJYAZGdUxQSlLbbeKWERV4A8RBqKqiSkptKPaV2neCmyrLWtTKbL0TKEdLqipZHdWWTNUth4KXaosH0addqmrzVHW4/6qtuOrmQ1ZKle8iWdhKCUA3i20hjFGZBBZVxIdCdYyIUUnFSKVahSVelAAPQBX+8igy0sFPtIh7qji5X88++JRvzTrg+N1RtX21NTBqDWCljbpOu8I40UD37s87u3tdcGN/OfxGT++sfTunTAdw+OIHBfHcnKjAngQypQBywasF3GABtHhAb5KAS1MjG5Ii3SJBGYlWu+CVCIAd4CQgVUXOli9VFdVNE2uqbrrMwB1CUt10ueqG+ZRFYj9JWZzhlkihI45vmKQF3lSZqiIlAhXakG/MJ2VtME/EIGiRqtrxiiQIU3HhR8/lclLHQ+MYbhWFdd7dPUVq1VBcJy+O39mZavDWRIKrdjl4/jsOPPBAH8LaV1sD26wBrrwRzO3oRNBA99zjjph54At+b4KuX+aK3c/r7JyizUgBDE0JckVR8YQfEWw2I1GABie5RQCWNBGTwOdtKRaBFZnCUt+QVFIgVYLikfrIgMsCOQsA5GBjbLPEh4isN5JGMqu2QE9162FWT7XFm6U3FWbtbapsZB4BOiOOhZSVZ/lZelMhyjsrwAAAEABJREFU9Us+lmV1UyRUW32swgovFosSx7EErieK+ejvH5TAywHEfUng8kpNXoxX2rMROf+3Lp1xwe4Hn3wARLSvtga2SQPc29vE2GZ67jXQdciJPaU9jvuGF3RcX2k6Z/iFqSYBYKfqiufhgWXqShQlUqs1bNrHQ7WUH5NLE1jWQySJCPLSJAJQJ6IAFYWv3BhfjCVXFHmpYmkYWPIIGQcnaioolkQTEfh+U9LQp0Qy0Nw4pNaYx3BjUlXZVJmqbsz6tPSm6m3MpLp1OQIrOsEYSSniw6QiCQRmlCI9khKkE9RLQdSXJXFQY+iCjqinfCGQgcE+IZDbj2lGMVpRUVU7V55fEjcowSIvSmdnr4li5+XlWvL76Xse8/ohSe2grYEtagA7dYvl7cJxooHO3Q9/rRe6i4Nc59sdpyNfLE6VKDaiAA66HRoNAHfgSpIkEuR9C460/lRVBBazqopqi4whUI+II21wEFAOy9aTkdYLtjeB31Iq8LCLAKQY8uHmpgjwL6oErEicESHjLo6ejOzDwDQUE4MXh41N4xaAIUmH42Lbxbkhin4wJCUqklGKcWakqvCQoFA29+LYMIIhlpHWM2skfBsicjKqYGpRMtSXIa404xCMGQKhGxl68bDxfd9a4o7jiOu64nicJxE1Lh54NuGucSQRlXI9lHypS4JC127q5787Z7+TvzN79rxemeSv9vC2TwPrV9/2yWnXfoY0MHXOYbtM2feEi/3C9B+4bseevtshmrgwpo24+HNcBRhEAIFIwqgujpsKrW+SwDCEYQ7XSiTG9SSME6H1mKQqrpe3X6FnvBlHkgJYkS0RQDNOwY+VkcBaTyIArEIm4ioAWgBUHIYShXXADtLIi5p1SaKGCFw0YaOMeA19aEizMShxVANv1VLYrCCvnDbqg5aatcFUo3qqkGXihqTNqkhYk7helmr/GnEB7op206gpMeRHTYZNjD1G24A9oHg+n7d9Nq4DMBQxjicpIBaKwENddEkNekhAd+zYbT5q8xuoju+JqoJSiUL0H4cDDz4Cbxql4hmPkoQvA6n2M+SSIM+2IAZ6wSUZQWVkhTzKVCE/eiA8WFMR9APtQA5rJ2g3QZ7BwRNhfBF1jjE0cGcTO65I0OHGfuHNUVfn76cdeNwRYG1fbQ1sUgPZuttkYTvzudVAzz7HvUY7pywyXtfZjldwxOQkNY7tlAPrVkAEWlrhPqw9wzKAAkFDHGPBg1/I6e7ulkq9IoWOkkRRBDCPpBE2xVqFAH0jkThOiodvZQBPIg2AaAJQjQCupZIvfetWi+CAaFYHJQIwuxpKGtaiuFEejKr9q3JO/JCv4eKoPvCHnIkuSJuD34wbfV/IafzJtNH/sbg+8J640f9ubQy8VRqDb9LmwBu1WX6jhOU3gveNlf6Vf+9q/X31wVUfc+L6J+Ow/PWujuBn9craKzQs/zUNKw9IWH1S4lqfhJVaGlXTtFmWGKBfLa8TlVj6+9ZIRylv+x6jr7T0FeNKcRB4niM460STWOqVqh13MR8I/dVRo2510tXVZUMPljJ1FgSB0P0BhVt9pzjhLLingOMkxSGViqYCAhTjYBP7SuBlSpAnoEQ2eIEnHcpIVCTlPClzwIcyVRXmcX4THB4pXFuJE0i+c8q8sOn8Yfq+xz9T7hVnqFsMDN/aNLE00J60cThf/EcMs/Z//k/TJPc93+3c1cNDMAcbGwghqTYlMTVLahrSgBulu3u6VCuhuE4O6OAKPCpgNVIICtKsV2Wwfx3iPgCsLLiTl0LeA19THIBcA7joJACy2qAEJpKo3m9DE9fSgpfWK+tWDMycUro/5yXXduSdH7hJ7b/dpP5mDWsLIPC0nKkfp82+o3VV/0lr7r7qxctuv+JVq+++5u9XLbn2/U/d8eePrbrnhk+uuff6r6y554avrrjn+u+suvf6H6y854YfrbznOktP3fOXH/U/ess3H73tT19c98jNn3ziris+tvq+a9/56OLLzltxz19e+OSdfzpWg7WHJzJwpCPl4yStnGLiylkSlt+mzf5POXHle35Sv3JGV+7u8uqlg91508i7Caz4hijAvOABHAH2DRxiBPliwZewUYEVHYuLu4+OUgGWfSjl/gEplUr2x72qlYqoOqIgEWyR1EiKME4dISU27UhCYFcuoARvJATDlwGQZySIg0QgJRmiWGipK+4mVFVU0N4QGXXFGBBCfq2/WOqaVuzo+uasg07+xNy5cwPZga8DDzzQ2Xvv583DqwCxGw8CWe1rvGvAjPcO7mz969396Jf0Tp99U7Wpryl19AapBgAQV1LlVGGPaQKLLRaBNSywxIulTliUAGS4ERqNEK6MFGDUCaCqIx5KMZ+TfM4VglihAAeMI4gPAi6a8H6UJe8AlpJ6zZPmyrgx8Ddg3G9MUv+kA6CWZvnlrqfHNQZrJzj98elP3HHl+Svuu/Gfn7jzL99bef+iXy+/f9HNT9x1w0NPLlm09sknF9UERwNoR1/JssWLqyvvumnFsjsX3bt8yQ1/Xbbk+t8uu+f6bz919/UfXXb7n9+89NY/nGZWR8+LmoPzklrfS5rlVW+vDaz+ZKDhbxqD6243aX21r1Gl3L8qjXiXAZeNpE1RuGoG+/ulGOTEh7VeGxyQaVN6hFZ4ijLXOKKqGI+B5a1iQRuWeCwK21/tnADHUS6I28C+AZdt+PS3ZCiLYUZDWUOBDh0cihkS40m+0CH5YpeUqyFOaOejg2baz3fDA27ZQa+77767WSgElUYj/6EDDzxq5pBYLrahaDsY7xpoT9Y4maEZMw4t9ux5wldiJ3/x2oHqXsXOXvisVeDGboGHCoACYMIQfSZ4kJp4GFavNgDWJcnD8ibwlAf6YW0H0mxUYKEPSBI3pQMA3qwOxM1aXwhw6/NMuMSR2k9rfSs/AMv2pfXKqpNLYXDC43dcedaK+2742NK7r/3+sntv+OPyJdfevez+q1c/+ujVdTQ7bq8HH7y8seqemx54+NarrnxqyQ3fWnrXNR97ZPEfzlp655VHaLVyKMD9hUmt///l/PSnXYXg/vrguv68k8alvCcpXEsJ/PpOGuPmYlCacBsZPGjlXYwgj5S5UgjkpFSM0KamQlJNELQowWFLEpSPJAPrnSSoRVI8xGVIuQkOhlQF87ueEqRxWksjTGRgsCod3b3AdBjLTu6sZuj8unvPHffloDtxOKZpfKPv5786b97znzc0GATtayJooA3i42CWevY+/uCqX7iiGeu7sVn9jp4p1m/tBb4IfKeqKqoqxhhRWGiK22xJYZ0nSCO/BGu7XilLAy4RSZqS9wziZSkEJg3cZDDnRPeX+9dcWu5fubDD01doUj/qyTUPHvXU3Yteu/aJO/936f1/vXL1I3fcN96BWsb2Sh+759qnlt57w6Kn7r3h8w//9fLXPpgfOKjTREdUB1e9Om1WP9Ws9l8RaLIibdZCAx96ZyEnUaMqviO42WkKnqpKCr3SOrcEYE9xuqYSS2IBXDb/AnhvstBJha4UkURUFSwJaOSlkJ6K0K3iBtLXXwbI+1Lq6pUwdU7u7u65bPpBJx4mO+i1ZMmi31er1V+FzfCrhx56ykk7SGxbzLOgAfMstNFuYgsamLLXiW9ONLgm3znlWDeXlwY/4QEggRtc6lFZEtOU1ImHJBgx4olJ8qJpAXCeE981UqutE99PYHFXRZNa7EhjqYaVy6Ja+cPweZ/RHFx1wtoHFv1d+bHbP/Hw7Vf/Du6PB+XJJ+n+kJ3ydfXV0X13XPPI8vtu+uUjt/3ho0/de9ULzeDAIY42XqpR9b/L65bf6jlxGXoUgV89jesA8xDUELFg3hTFHPGhMjKEQN6i9dpMMVMkoLAIgDxBmtY1KcXBnICVJCYVURsTEYYtSjUFaIslMUaKHd0SRiID5ZoUO6dIIzYHJrH3m+n7HXkCKu6Q6/77b/mx6+R+G9adbxx31IIXLVjQ/ndzO0Sxz7CQNog/wwrenPje3v06pu970g9jE3zLDUo9KfyfpU74suNIIn6sDxtd00hIFjjipgClQakohDrwnbpqJGqW48CN+8L6ur95JvxSktZfWh/se96K+//ykmX3XPU/ax+8edGy+xevRpX2tQUNPPjgtaueWHLtHx69/Yp/XnX47KPiuLZ/s7zutZLUvuXEtXtMXKtrAjAHiJsUB2vaAP42Ac04YAG4mChIbwEwIq0kShmXLEyNKOYty0tVRFVBmFOAuaoKJhjEi7IY4hxJUqnW65IrFCWAj7xaa4rCOs+VunbPF6ZetNvBJ7ywxbnd7+nfbvvTfxU7Oq6o1tPvPP5IcFYbyLdbp8+4APOMtzC2BiZ1rZ458w5JSr1/ihPv9a6fN/liJ3yfAO84FcdxxcDyiiIABMDBgARgngDEXQfleJiZwDqMmrXBuFm5LQ3L/2nC/tOXz9Rjlt191T8uv/svl6946IaVk1qBz/TgLrwwfvL2Py9d8cCiny6786q3zwr6D0vCvtPctPnfBTe5zZNmE6AuaVizzx1ihIHrALhxNwRzOYWP23Ec4HEMgFZh2qCcoO24rohBnrYGwTJOMZiF7hVLNiNB3RR1Y6wHEcdzpcmPhyaxeHgQmyp88jwUvGBGYvLfn77/8ae3JG73e7p8xcoPa5re7JncV5c+UjyvDeTbrdNnVIB5RqW3hT9NA8XZh53u+KXfpeIfE+Q6xfMLUqlUpFgswqoOhb5W3/UkrMPSkxTOE5GwVpZizkijum6wVl612NXKfyXRwJld6YPHLL//uv944v6//lXgInhaY+2MHaKBxYsXhyvvu+X6ZUuu+We//OixjtZPcuPGv/pudINJosGYX0QCkNtDFha1C2823S2SRIJ7JfQhkRjg7jgK11dNgMMiOKhjoLoRFbGgLRawha8N3CvMaBHYbSRBFVJqpTvi5gqzi509P5hz8Pz5lmE73/hJozA1b8G6fNTR/P8+8UDH6+fNe7snstBsp+h29WdAA+1JeQaUujmRXbsd+fe5XPcFrl/crad3lsSJwV42AO5ImgBtz/EB5LHE9VAC41tqVMphd6HweHndih+aqPzqoKty8tK7/vQvq+6/4jp+PGxzbbXznxkNPPjgg40nb19089J7bvjEk7f95aQwHjxeo/DDaaN2o4bNRtIoS1QvY07rkvMUz0TrUsp5InDDKHzejqs4mmO4zBJxXVjlQ920OA63CRFe00SEQE5CHVSWjFLEhgkWfRilEqWeVOrxTPXyP55z0ElHg2W7ryVLLlwbNuvn1xv1SpJ4/1103DcAxNn0dssetwImaMfaIP7sTJx2737sfxY7pn5J3KDLh2+zVm+KlwukMjggge+KgXkWNasypbNDAscRjaNKVB34i5NE76v39Z+86sGb3rj8/psuW7Z4cfXZ6XK7lW3QQLLunlvuWnPPtZ9ZNiU+KayuOcHX8FO+Ce9K6gNxZWC15OAC61+7ApgMd1mzDts5Ff5UgEvx2DYAABAASURBVO8aWOdhqwmY2ClcMEykNq5iQZ0ZmyBVlINSSDNuTkSxfpwcDgdvF3ULv+jd+3nzZAe87nrgV/eEYeWdxpV8oxl98iUveP8bFkrbGpdx9mqD+DM9IXPnBtP3O/X/1Cv8C25R/aDYIbVGKI0olLVrV0s+cESShjgmFlcjaVT6V6RR/Zv96548c2ax/4XLH7zuq089csNjz3Q32/K3UwNwZz11702Ln7jrLx8Nqo8f6Ur9JXmNfpBGlf68r5L3BfML2E0SqfT3SRLFlgRArPCNGPq3h8KsJwRyhSU+kgzAWzMGhPDS4HlKKlhYUoZhkKi7h5fv/t6MQ07cC8Xbe+lt91xwWbOx7hOSRj2PP/7UJ2+cv+K87RXarr9jNWB2rLi2tJEamHbg/FKP7PLDajN9e6Gz2/j5ksSJSASrW4HdU6Z247a6Cl93fy1pVhZHUfVDaaN21ONLfv/35afuvIa+2JHy2vGJoQG6XJ5YsugPT9xz7fn1av/z4mb1Q5X+dbfGjWqicSQd9vlHHcAeCNzn8IU7lgSAzhES0LM405snIyUYBY1mLOp40t0zFWvLQKQ5JG2kP5m+5zEzNl93m0pScu19YPo5P4h/WyoVdunrq37+BSe949XMb9P40EAbxJ+heQCAz4xj8ws3Vzo3X+pyatho/YNlieHvbH2JJ5V161aHcVi/rpQPXp+Y+NTVD1z/P8seuuaJZ6hLbbHPgQZW3P/Xh5fdc+3/+FOjE5KosSCJG3+sDQ7ELgA7bPCjiiopLHChJY6TXS2pOKJCMB9JDnJl6KVD4dq1a6VQKMlgpYq7u1j8XA5UEsfLHSuu88158+Z5Q6xjDi688MJ43aon/8E44SNBkJ822N/4n5OO+vsXjFlgu+IO1YDZodLawqwGZu15/O5hqBeGiXemn++QxHgSpYn4vitJWBcJa4Nhte/Sgpu8fN1Ds+c/ueSqi1bfd/2grdx+m5QaeHLRotrKe6+5+Kk7//giJ6yclJPqBa40Bp24AbiOWoQ1At+aHT9xfSSlRoVpW4g3AxsZOQDwgsRxKK7r4q4uEt7pkcTxRbzcyx7t974IdmK+g3DM112PXLmiUl/7nnqzUfbcwhzX6fjW8499O7+iP2aZ7Yo7RgNmx4hpS8k0sMfhL9qjkev6RTn0T+ycOkvKzUSiJAV4N7E/YXpF5cu8qHzWwEPXvHTV/X+5XOTCOKu7E4TtIYqkS+/9y6JHb//Tq6S+/AQ3rX7LN43BsN4vnhfDeE5FnESaYYgHlWB2XInVSJIi32ovEY+AHoUi5IlqohqKSiSOoxKjVqwILYgXxQk63zF1nxPfg6qxyHwX4Ziv2+466vIwjn9o4LrBncOeIsXvH3PMa+eMWWC74g7RgNkhUtpCrAb2PPgFM9b1N386MFg7Zvr0GXCXrMNNcyphszygaeOSuD545toHZr5s6X3X/BkVsl2JaPvaGTXw5L2L73zsjj++vVJZe2TeTb6UNKpry4NrJW7WJPCNOK7Cum5aS9txHFFVCQHctVpNfN8H6HviAtDBJg7Ae/gTLgB9Ma6o8UTcnOZLUz7es9uxLxW5OoKeDWiM18KkHtU+XGuU71BN0S85pMuf+r3jjluQH6PAdrUdoIHtmNAd0PokEjFnznFTmol/kesGx+2+yxzcKPeJiapRbd3Sq6S+5tWDu8gr+h9edGXb8p5Ek76DhrL63uvuf/yOP/2jmzSOCzT+Vs6RctqsSgIK3FQ68r6EzTpAM5QgyIvxfKnHsYTWb2IkTVWSRIbDlt/FWNCPwoRlXeJ6X+7d84T90GVw4n2M1913X1j2co0PlStrKp1dBRwy8gI3LH5eZKEZo8h2te3UQFvxW1HgthTPOPT0Yljo/nkUywn5wJMVSx+Po/KaO9P6wJvr/soXVx+75XK52lpB2yKuzbOTauDh26+8/6klV729NrDyxJxGPzRxoyoA8nplQHyY2x5/87xWEcd1YXcbMS783rjXg1HMdzwIFVjkasFblaEjXV09YtSRYrFzdzxU/zqMjSGreewPPBfd/KM/uH54Yf/AWgmCvCapf97x8x76h5102p7zYbdBfDunYI895udECt+sS3papV6D1ROv9dz4X0vF8NTK0pt+JA8+2JDx9zLczNP2OHDmlLlzO6X9GlcaWHn/zbc/eusf3yhSOSOnyZVOGiZ0saRwpfg+ADxNxRgj9Xrd9lsB0iRjXOS74qoLs5xbmzxNacKJ0oBFXix2ndzw5DO2kiwOW+HY3lO//rE4qS0XMdJZmtbpmvyHTzz29XDZjE1eu9bYNcCZHnvtnbbmPC8berkr96m+ct+COG6Wu3qKv6wMrjt63aPX/9fSe29ek/E8h6GZve/83t69T50355Azzpu278n/NfvAF3xnj0Nf+Ou6J5eUCt3/EYS6y3PYv3bTW9DAU7dff90jnY0XaTT4OpM2l+DZiijcKJKGEoYNKZVKEiNtvzhEfwoeoNMvniCewsUSJRAOgC91dokf5CXCE9JGnL6pe/aRL0fJdl2LFl24NNH65yqV/kaaiuRy3bPzbs9nTj769XjguV2i25VldCpog/jo9DXEba0YM22foz9ar617q2j5QT9ovHXpbZee2//EDQ8NMT3rwezZ8wpzDjhmn10POv3Vux36kv+dccDpf46cYHFQLF5Va8TfDYLiBz3POy+Mov08Ry9bV61++KnHHrjnWe9ou8Ft1wDccMuWLPpZMBAfGdfL/+Zq2Eer3NVYBvpWiyQxZCWSpvEwIWP4Qq6sWr1W3FxRgmKHTJ0+u+gWCp+VKYdu96dK+ivxl5K0cafrOuK5ObQZ7B/Huf8VafvHoYxn7WqD+BhV3bvnvDc3wvqbfRP/zDgDL1x79/UXQBRsErw/i1fvrkfMnr3vcWftesApn9eu7mscr/f6wVr47Uas70rd4BQ3V9gtyBc6isViEEXhQK1e/sGadX2nP/XgDZ/ve/S2vmexq+2mtkMDjz56dX3tA4v+c3Cg70gnbl7kJLVazlf4ykVwIIvrKFwpIg7CjFwXrhXXk1JXl1SqdYEhbr+aHxtv7rSZ074gImaIEIz+uvvuC5uJ1D43MLi6QvdOPtcprimdftK8pe8evbR2jbFqgJM41ro7bb3pex16jnH0XE3jD62995Z31O6/f+mzqAydOfeog3Y54NT3zznwhb/3i9Nuik3Hz2MtvT91i/NM0DGt1Dml6OcLvuv69ssgjUYtiZrVB8Ko/NaV9133jvpTt7Z/i+VZnLAd2VT/gzc8tPyuK86tDax9tRPXHq1W+yRO6uL7jtQbFfEDV0QjaYZ1MXgYGsNCj5NEHN+TMBVxg5y4ubw0ovTswu5Hni8iCWjM1w23/PQXQT69LopCiaNUeqfukk/T3AePPfK1O+w/Do25cztJRbOTjHOHDbNnxl6HVGu1A9JI39D/2JKLIBhbA+/P8LXrfifMnrnvye+efeBp16rfc30i+c81EveMxM3P6eieEXi5LvFgCfm5kqTqCC0jB1ZZrTJQkaT+k1qtetqaB268+BnuZlv8s6OBpO+RW37baNYPlaj+BZWotmb1UinkPalV+9GDVBTulihqIo5LU6wJhEZFHBdXII4fGDeX/7cpex+8K0q254L3PfxMpdq3lkKSWCWf69p1Wtcunzr00NOLzGvTM6sB88yKn3TSNZG43Kmdn1/16F+XP+OjmzfPmzn32Pmz9z/5x9XILBIn/0V1CycUO6d1pU6g+dIUMV5Jqo1EUseTer0pfX19EuQ83CfDVxrXn2xU+9639I4/vWndw9c//oz3t93As6qB1fddX1n94PXvL1dWv6jgm9uSsComicSRUIr5nER4+CmSDPdJcbgLSF1PXD/AOinuHqc5ulWGecYS+eM13/6zF0RXhlFV1KQSBAW4b6LjZ3bv+c9jkdeuMzoNtEF8dPpK+1c89siyZYuro6s2Ou45c47Ld80+9C0z1vnXGrfwO9Hcazu6p+/mBiUnUV/W9VdgSRUkikWiKJGOji6pDX2LL/AUxlm1Xulb9ady36qXrL7/2m+jdXDivX0Na2CSRCxC9z3w12vytfL8uD74uSSslNO4KXz4mQ9cgHoomiaWErhV0jiRhB8nMQ4A1xcv1/GS/KwDzt5efcRJ41NRUlnbbNaEn5DJ50pupRK/6bgjzzlie2W3629ZA20Q37J+ntXSzjkHTemaffgHm3nnLj8/5duJKRxj3GKxETnwcYpECafLSLHUaTdKHEeimspgP6xv+EQFvtEkrg8MrF322c7kyZeue+SmO57VAbQbe8408PDDi/uX33vjBxvVgfN8jR6MmxVJo4YY+MSdNMKdmVggFwvkIpIo3hRuFj8odE39ePceh3cjY8zX1Td8/7Ygl14Z2K8SxWJgbHR1zNzF1c6FEMrGELSvZ0IDRIVnQm5b5ig0wI8GTpt74odzxel3+KUp/62mtJfCTeIGnRKnvnR1T5cwVnHxoFJxOxyGoSRxLK7jiO+54jkizeqgaNJ4uDKw6nV9j930r/xNa9m5X1zbChVAO/AwyAbEss0RqkzYK133yB2X1MsDxzZr5e86adxQgLhKyxJ3UhGc+aAU4I44VKLGE9XC/jAUMtcH9SVjedWb1U8++th9K8OoJvl8EQ86XYB55/xjDnvta8cir11n2zTAhbxtnG2uHa8B+Lw79zz2PY3O7rs1KH06VH+XxC0oSFyvKKl4YhxfytWGSOoI7orhPomwMVRyAG9NQzESwRfeL4W8c+PgmtVnrXvkxkt2fEefMYmdkLwvaH8Qf9eD4aZoH5STyMtwb6Q3oCAIkA7mIp/l+5VKpSF5PsINyff9AzMC34GoY9ND4cGFQmE24hP24hfN1jxw01sq/WvfkTQbK/lNT5PEsL5jALisJ3VgCOQkyHe6Qa77baWZR1AXsYzxddV13729s9O/0vVS6cOzmVxQlI7i9E6jxQ+eeOJ5PWMU2662FQ20QXwrCnqGinWX/U49t2t1/o4g3/OlxPi7J7CKPD8P0A7E83PSjGJRx4Ml7ogxruRyeFAF/7eHeBI2JcStsmMSaVTXha42v9+swH3y5KI7ZQK9PM+bGwTBbQDUO0B3gxjezhD5d5Ly+fyduVzh7iFaEgR50j0I7/H93D3FYsc9juPdI2KQ1nvBdw+swCXlcvWuQqF0l++bO0GQa4ZJ1bl9iO6o1+t3AMjvTJLkTvTHUrVavQ7t8pus3gRS59O6uuahG7+fNKqnSli5XuI6rG/6x7GuYA1oagDmIFWJExHfzffkSj2ffJqQUWY4gXy13hjs83wV+sajMBXf6zzENIr/MkpRbfZt1IDZRr422w7SQPceRx3eu8/zr6qn/i+M37m/Y3LigVz1ReCnNKK4DY3EuI7E2GyO40iz2ZQwjAUWorXEuTn4E6RxWC+nzXX/sXTJn96y7P7Fq3dQF581MXAL3aau85dm2PSaUYgjKfWazcgHqHggN4pTF2mVf9cmAAAQAElEQVQ3ChM3jlIXxiTJQ9wLm7ElgDCANvHCsEFyGo2aU6tVHJHEVKtl02zWSQ7CYQKPGSKN41jL5bIFHPQHesbdjTF74kExXQDhs6aMZ6ih5Q9ee7cp117YrKz+arOyNjZJU7pLHdJoNMRzXDHwr8RRXUqdRY3i+PTijCNOG+qKGQpHFVxx9Xevj9PazY4bSZxWBd4ayeWLKib3uqOPeP2R0n7tcA2MaaK2rRdtrpEamDPnuPy0fU7+YlCYen0jMqfkij3S0TUVm8gXArhRbCjjimJTtUhsPIqa0tHRIa5rpDLYL8ak4rkijiYrq+W+t6x46OZPCRALNBGvpF6pftJxMSD0PoKv3w8Ce4gxDstYUhxsPLTSFINMUmFIElHhq1XGfDAgg2kE23yR3xgjAHPxfd8emExDwNtBJdCEv558clFt5cO7vdd14/c16wPl/nWrZGpPF9xwdaGRQB3UcXfnBLlCoavn3zBg4kKCcCwXJiL8drXWPygSQ68h9Io7y0Y6Mx90vh8CWxOHSPvaMRrgZO0YSW0pm9VA1y7PO7eR929vNNP3el6u0NMz1fLW63WAsmNJaBUZEX7OVkyMSCQiKSzDBsJEapVBKRVzkoO/MY0q94b1vleufcR+1R/lE/q6Hr2/2gKnqgVR1/NEEKe1SIAhwd0hGTEteKkqQD21hORwyPi2kqqiKbXsvOMhkLMvuOvZG/GX2YJJ8XZhvOze67+SRuErkrj+eJU/I+up1BsxLOUuiRMjuUKHJOIenZ95xCu2Z8iF7tW/xV3Qw6KJnTPOY1dnj6hxTz/+qPNO2h7Z7bpP1wBg4+mZ7Zwdo4HZs+f1Ttv95Is7umf/zPM69pk2fQ6Axhe4BxCq5HMFUXEkVUdUASQGhFBNinQqopF0dnVI1KxJsRAILag4rF5v4sbrnrj7ymul9QJjKzJB31Pc1v8nARpKsUNw4EJSbQE0Mwja20LkHS1RLq3wfB7PI2CRN+G6IsEvjrsf952Q54AwMXifBNfKR67/UyKDL43D8i2SNqVUKOL5SiqBX5RqrSGpaOB6wQcED93HOtzLL7+8UezwL4vjhgSBJylsemN8kcTtzQWdH4TcZ0yfkL3TXW0Qf4amfMZep745yk+9TZzOsx2nw8RJTmr1FMAQSIqHSq4aacISTxCO7IIqwItLHFaMwC4ql/ukXhuUsDEo03tLl4eV/tc+fu9Vi0fWmejxer3+58D3r/F8bHT4SgiqqioGoKqqONBUBPBCgt2NWIr0jrtcuHPgA7dWI6XyEOnu7sZdUHgCyvgbIDu2QTbyHNLK+266o1pddUaj1nf5mjWrsCZdqTXq0tnZKfnOkniFwuG5Zc1zt6eLvhf/qFIdWMMDsVgsiqSOJLEjYVPnn3LCm1+0PbLbdTfUQBvEN9THdqc6djl66tS9Tv6l45e+6XgduxQ6p8Az6OF21ZVcUJI0UQtKwCrJ5XJCSzBNFcCkImIA24iDh3ySxpIPHOksBakkjYvWrn7q/KceuWFS/niVn8t/jqDdASChP5x6gUKedqm0/rICVaRBWXosIdtlPc/zhBY5DxF+RE7x8n3/H1g22WjgySVrVzqrzwqc5JuNeiXuAnivWLHCPvD087mc+v57tscav/SKb9/T1ZO/OoI1Tl1yjQd+QfAgv4QH1O+CPhXUvnaABtogvgOUmImYtvuRZ/b2TrsRd6Tn+IUOx3g5qcLn6Po5KXV2yUAZT+uNK7TyGrW6tfxUUxG4T/BmrRVNXNHUFQGQa5LCCi9LEle+3eNE56946IaVWVuTLRzs67vEd4NbBgcGpFgqSZrgHpyD5B0JCHgqLRKEGSniKnyxjOFoKQgC64dnvRAPVmmRwx8usMCFBwksSfrFD2f5M0LPpdC7726uvPf375RG5VPl/pX1KT0lGBaBlLFOc7nSYV1r3e365xGDg+t+oiYue75r17oxLuQXcQeqJ5143PlnSPu1QzTQBvEdokYxs+ae8qnULf0ySpy5JVjf5XpDTOBJkPel3mzgdrVm4wkAafXq1VIo5AESCUAoHSJFSPcrKDYA8lQkTSTn6f/1eqvffffdV5d3TFfHrZR0xqzZX+InVSrlsuQLBRxesRBIR/aYYD1M9vDDcadqWVRboU1s4xsfupEVFjf036oP4LZx+umNMQFebyHPJKVk9QN/+PdmZe1Hm7X+ZqMyAKDNievkAlFY4yJmrON2Y7kGlvhj8IoN6VNgiQdw2/R0ORK8TdqvHaKBMU/QDml9EgiZOue4XXr3OO2SRPMf8YNSPhHP/m6zDwsvSkIJkzpWbijGi0XwoDJJIjzs8a1lksDaVMxAHIUisLo9B/lRKp4B+Hu5VKPoC9P91e9fvHgxGGTSv/zDDv5FV1fnY8Zx7G09dj4uteNWADZJcAhaEsFdiZ6dJOl5qnouwPZ1rusSGN5dKpXejUrvRt67MoJ1TbfIPyL9fgD2R1H+wWKxeDNCeyF/+MBg3INrhW4VxhHSP7ybZZycb+nah2/4fGNg9Ts8k1YN/B2+66nEzhHF2cc+f2jIrYkYSmxLcOXNP1zjOOnvBeve9414niOu64uKL1Gkpx5zzHnzpP3abg2Y7ZawEwuYvvtRx/tB55Wu13Gm4xZEnbyocQUubknSCBTCTIwtpRJJi5JhjakqbuXr1vIxmIlGtSIB6mMTNT1J/vup+zr/3/gD8OHubzXyjW98w7vooouOuvTSS4+87LLLjr3yyiuPvuaaa5735+v+fNBvLr98v1/+8pf7XHzxxft+5Stf2f1Tn/rU1PnTpvmHHXrYDxMcbiSAraRpaonpLM4QjU8DeSLxrwGyF4J+AnfIt5H31XK5/FWGqPO1jKrV6v8h70tIfwGW9n8h/rlKpfI+tJEQsJEnBpMAqxtFIuAXgLzgoavgUJjuui6//GPLJumbDi6783v1St8bNQ5XxWGY4plNsbuz9yND/24txbgVNKoLnsRfGycuD5b7JI5DUCySuuKaQk+HP+XvRyWszbxJDQA6NpnfztyKBvY+5LS3uX7n5Y7fuZ/rFcQFgDvGF1VHVFtrPcWDSQc+byOJGEC4ICQlsCYJ9GzCgdXJvL61a8T3HFAaJVH1Px+8NfmYyIVY8TJhXwDBfBRFHwEY/A7xqwC+Vzej8C9xI/lLZyF/1fSZM64McoU/7rf/AZfvs+/+3zziiOf981HHHv3Y7rvvHhNMm42GHTvqDQM5QNjGU4mh5OQfwZCdikhDzcjYysU1n4LHAS0Kw+afqX/FPDmOCu+U+AWrYjEvtVpF8vlA+vr6mP/m3l7pQJ3JelEnsvaRW34ZNfreFjdra3Keq4OD/fPyU35zzNCgqbuh6LYFHT2rFtWb/Xf3TClIkGP1BLpMpJDvwN1WesbxR7xi922T1ObanAao1c2VtfM3rQGdusux/7mur/YVxy11GscXgfWcqgOYpjpVNDUWyB01khFFZWDEMJZUSIynsFBmzpgqlfLqqFlf99kn7vn1JyY6gHO8r3vd6waCILhWVWfAys3B6s3joW6pq6traj6fn4X8XWfMmLF7Z2fXAXPmzHnFvCOP+ugrzz7n4694xSucEA8Z84UCxTyNrM5SWuhyPCzkE8HggAwoA3REN3ttwAMxn0E/InLDmrcHBPoKS7wGt1eA2/4Icym8W5qLRxnnkG+y05pHb/tN2qy+Zd3a5cuLea8jlw/4aRIO2wI9I9tKF154Yez5euFgea3UGxUxmCXfz0GnnvhecddSZ+92fbFoW/sxmfmg0sk8PDu2Hfc2d26w+0Ev+mZQmvKxrim7+I1IJTUqYlLY2KAhN4DEiQVyI45IopY0NTZPrLFoRGCKAzzE8wJrmTRqg9I7pfS1abll/7bjOvzcS/J9/7e1Wu1+gC3G6tnbaQI070BgnQvdFYzTwobVLtjds8866yzphdlbq1aFL+pJJEH0aYTHBhF93SizDAy3laIhxiuSJP0b28iIfc3huV6t1rCg7vserMaGuK55H+rAhYP3SX6tfuKW30ZJ/9vqldXLNK6/eNq0g/gLkZiA+e5oh96sD/4+jAfX9EwpSrVW5oEoYTMRo4HiZus1c+e+OBitzDb/eg2Y9dF2bEsamDL3mM5p0eyfDZabbxWTA/gk0tXTKwAdyQDG2tYw7XAJPCYgqBd3/WkCZwpIUkdUkKdG1DEiCMN6EzkaJXHzO2Vn6YcXT7KHmGeeeeZDsL4vIUDzkyBxHAMMXSGQ9/f3W2BnmTHGAnytVpPOzk459dRToR7oSDb/okWOUv5XGn4EcMvMYNzMlUZR/KUoSlJVtQcq/80dZedyvgXxRiO0fUbeYThwXrIZOZMuu7r8gUuNE77XmGaaOtEbWgO8etQuvnzX6gc6OvMPrOtbCT06gmcRUix0iVFPPDe/3y4zpmUPT1tNtN9HpYGxLvxRNTLRmbt2O6RH6+ZX9WZydmfnNHEA4j4W4WC5LvRvJyYWNYkQiIyoGHHEpB5A3EUYgHzkeKJYtC1LXASAYAHDcwPxjHexW6n+w5OLFtVkEr6WLl36LQxrBVwo0IEiKuJ5nnQCrFXVAjrA0eoE/nNpNpvy4jPPEMdV5MHphGcLttKIN+qPBH4NguAdKIpBo7YSUYfXbwqF3EPsUxyneJBZwCHdtH3lnKKLEkURDplUfN+lH551dgpa8+Q9v3Il/JDR5CWzZ+/bi0GnoFFd/Bp+s1m5VDQSz1foMca8piCVKEw7NfFeNSqBE4H5WeyjeRbbmpBN7TL3mDm+dvwW2/f5nV290mjGoo4nYRMLMggksQCT2LEZUXFQ5jiOqKolIDjAXWxcles/weLFAk4gB77wqL7uT/X6qnc++ujVdZmkr3PPPfc+gOCfDH9eF5Y4rXFa5SRa5KoK0GwNn+4V5h122GFC2ppKyN9sNl8Dvv1AChrLVa5W699PcQsFl4lUylXJwwrng9UojMV1OLNi5xHC5w8Rgp3jWr7sge+5Gv3MdROOfUyDNr53NSpWObf8qKHCBen7vhSLeFacuqcdd9zr6K4BS/sarQbMaCvsTPy9u54wu9ooXJiYzhP94lQAMaxqzwdwR9jQkSRRXRR2N7a3CGKClyYpLPBU8CapiUTdVKphWUJpiOOncJc3xQHw+0bFjWu35Z3Bdz255A9rZZK/1qxZ8+lVq1ctNXCbwG8BlRkJAejGEYFWhGGSRuJ6RsKoYa2117zmNaKqVjOuu97IpgxazSxQpbWeFlH+GqRD0Fiv7ydJsiZNEtwZQSb/KUciEuDgSaNEUljo+aAg9JOj7XeikfUdQmKyX8uW5eFyqt401nE6jrMEG2IpbBfrE2+GFXFc6BUC1fiz3DR4KaLtawwaaIP4ZpQ2bY/5M6M0+JXrdRzrugVRuFDE+GKMscBCq9poCjeJIyouoLwFNiIJJGaUShSHEuQ8CQq+VKtl8bH1S8VA6uV1j0TN6lseWnL1g6gw6a9ly5Y9CID8HRRoAboRNsUFMNMqbHMapQAAEABJREFUz3TKkGla11TI4YcfLgcccACj9u6F5UwAbIUWHeunaQoXhy9RFPH3v6eg3AON5VrabEYX5XBIs50UD6c9x5EEYE5hnR2dUq1VMX+eoH36xfmv4lg0SWhrw7i7iTl8Ymtcmys/6tIZ/dDrTXB/SX//OrBFWAehBEFe8vkSDPWOs+bPH/1DUwja6S+z02tgEwqYvucxM9IkvtDzgqNhdVmwwQLcgFNhcQuhWx3kU40kRAHsKYA8TRMLPAjEqCcD68riGk9ygSdrVi9bIab51mUP/vlvqDHpr4ULF5r3vve9zWXLV/5k3bp1fQms3WK+YD/xwTgVABC2+iIw+7jN5pdt8EBUXvYy/nQJjkbUIa+qkt0S05yXJnzoxWJxFjL5cbXtsca/nKZpLQRwI4Q4wZnTmteBwQHMowHwxFwPRS8f8NCwPO23rWtgoSxMRONLq7VynUaNgwPS8zzo15FqpSm4HTvQiefyf3xuXVibYwMNtFboBlk7d2KPPQ7vltj/obq5E/1cIMZxxRhXVNUqhpubxATDNEV+arAGbY7wQWcKf5/AXZKqERwEYlDfUSMlANfAunWNvKv/vuK+P/9ZdpLXwoULk7PPOeetlVptJSzaO2lp12o1C9pUgSp0iAitcOoUgGwt7XK5LKeddprMmTNnWP9gkwDPIhgSxBmS+IkH5L8XcR801uuuZhL9kT5wggzdPaqKtkXwLglOZC/w7eET1htvFJHJ/FV8DG/HXlGjdvO6dav7fd8TBw+tuQ7qtUimT5slxUJ3z+Bgo+1SGYPKzRjqTNoqvfud0FFJCz/284XTu7umYOM64jieEIRVFaERV1tEC5AkI14Wz5FOQdkV4sFYsx5KHsBTrQwmjoZfffzuP30jK98Zwr333nv6pZf+7rOPPfDAEev61l5YKBRwC50X6o+gTTCmBc40wZ06ydI9PT3ykpe8RFQBoyDy05UiIsP1VVtleFB6iOM4L2b9sZPzv+KYyLiOuKAYwM2brlKpZEUSeHBYMN5tXPd1jLRp2zRQiQefmjlr2kNR1LTzmcsV4ArLSbOZSKVSc4rF7tNEFpptk2a51L7v5G+jUdikVtWcOcfliyb3A1H/JVGiMliui6gr2YvgQcrSDJkmMd6i1ppSxYMxo3ahAlTEQ7wBy1PT5uWRZ/61xbvTvDuPP/74a+Eu6Vx869/eHCXNK+AXXc3PiFN31A9BmVZ46/ba0L89rByCOl0qU6ZMGbbckySx5axL4FeFvtOWbxxy+ONXtnwsb+jnNUmSLqo3mrY99hHTJ/3lQQn8AKDTssSNAzdamr4VbXSD2tc2aGDRogtrcRLeoiYGcDda8wzLR8VIT/c0MWr2P+7Iew+TbXwddcQZLzjhhJd1bCP7pGVrgzim9sADD/SjIPeNgUp4drE0RYKgU6ZM6UWYR6mRGAsttZQOb2xubpLCB26kBSpgRswBvxEYcMI6uGvE4kwkjapLvLjy7hV3/LFCvp2IFCD9/iSO5b777nth35rBQ2fNmFElYA9ZtPawA3hKAnAGwENvqY0zD6Asu+66q7zwhS+0KqOFbiN4y8pZj7LoG8/n86ei6GjQWK80SePP0qWi2jqIKch1XOviYRtMs80kifdEnL9wiKB9bYsGomb1mrDZbPq+izsd1z5jCPBwk3esvp/v8XLB87dFDnlyQWHPuJ7jcxAmd1pqgzimfnV9l/9SJ/f6nikzpBmmABVXanCBhHCFiKFP3Nhbd2PjrbSqIw484fyECoFcVUXgGxcxkNgiA0hP4qY0qn1ri7nonx6558+T8r/yYMCbunQo8zw8qNyV8RXLl8uSO+/4v3wuvyoD3RjgDuAV13UFe9uCd5qmeJbg2Y+i0dLmQ85zzjlH6IahHBKtcPIxzgOh0WgwSlBwkc6+im/zRvuGLv1BjbmTDzhj+FJSmOIEbbYH2aKqVqRxHPabbfk2o/22VQ1ETnqTmGh1FEXQY2oPbBzy1KMYdYNCUGqd1luVJBJHssh18m89+bjzD9kG9knLQrSZtIPbloHN3uf0D7pe6T2uW5QkdgEcRVHjYnGpqDii2MR8TomYMJShl6pKC0gigHcM/hR1C8KfBpfUFd/xxQGPxBUYoYOffOSuP/1Rdq5XiuFyfb3XGANdKvQk8pOf/nTqk0ufPGzWrFlCAFdV+0UfAjgBciRQcqO3dJzKbrvtZr+KTzClPNaFfCH4EwQYp9+aclT1LKT3B431asSSfBU3X+LnWvjMh5qu71lr3ArFuuDHD9EWAaT9PyOtUrb+Nm1a/1OSJkuTNLIHNueSBzpr4rDnnjpg/uFnbZOLqpFOu89x/Gre7/h/CxYscChjZySzMw46G/Oue57wMsfN/xsWAtzWgagAvEEiUEsKAmMKqzAjJKUVV0Zt3PMdUSQJQNVqHeDtiaJOo16VsF6WKKn9fOWD+iVbYSd7c8Q5ByB7BB8GcujUEf+r0Q9+8APBhr2yo6ND6POmhc2PExKAW/pNLVgSwAnWJMZf/vKXW51TFonyCPQMSZUKfzo2T19rB9qlv5psY6IwTH6OB5tPZL+j4gzdKbAd9pFC0YbtZ7FY5KdiHOa1acsauPDCC2PX1782GjVRk4rjGtyB1e2B3mxGONAbnXFe5m1ZSqt08eJvhkbcG0W8F1XW9e60X903sqXXJC7bbe4JB7n5zi/6XqnkenkxridisA8J3iSMXVUB0OsJWcNpIdAjgyDCavw4HDc1rQoDN4sLV0qzUf5bVOv/J5GrYa6DeSe7Ukk+YkThjBALvrSiozCUn/70p+5NN95woWvMYvrAqbvBwUG7kalDVbX8BExVJeBjc9dl3rx5csIJJ1gLjqqkPPJzDmiN06rjoYADgvP0evDsAhrr1RfF8beLpUIaJ+tFsB1VFQeuFLYrrdcLEGyPHx7Vd56rGdfvCAK/GuG21RiRZtjgfFl3WeDn815QOnKbtWGSm4xozlH//S858Z0921xvEjGaSTSWbR7KtGnzS57f/Y0k8fdw3EAc44lRV1QA4tJ6qaoQFDYmVRXVjMAPwKelWCriIWgSS71WFkmakib1vpybvm/lIzetkEn4uuCCC/wtDaur1PUq6O4w6sb3WqyMO7Bo6Rv//vd+uOD+e+97ZaPRfJRgTVcIrXFauagnAT+SWa0KwZJ5JOafd955toxxysvyCeZMUxbBFTQdPNtlneE564/gj7c/icADg33xfV+yNjl+VRXeAaAtWuPMatNWNJBE9TvCqNnAHQx0GYvnOcLDvNkMxXX9IIn08K2IGC5OvfRmzM1AHJvD3I78uxYuHNVHFIflTOTIzgjipnNa15cdp/ME3+sCUPsAZWNJRPEnAHR9GqmqqIIA9JqROnCfBKLiYjGmEuTwqDOpi2oYNhv9C5+4/8rrZBK+uFHgIvn0T37yk83+x/JypfwBAKsBwdJqCgEwADDHeKBFlVx//XXP++Mf/1h45NFHPwlLvJJZ4gRiEkDRbmxVHXa5YLPKEUccIYcccoiVR9nkVcUM4HBQVbpSAARuBvRvQ1tdoLFej6iaCx1HrfXPtiL0n+MIcUehqnbeKRz95T+MOJDxNm1ZA07gPFmtDg6WywMS4cE/9cqDsJAvievkMHeFQ+bPPz+3ZSmt0quv/uYaHAKPN+uxp4n/hluuWzunVbLzvJudZ6itke53yNlvbDTMa123U/wA+xtPr1TVFqqqqG5ItmDojRbYBpQANEIRzwSWo1oeFM9NJA4rv17x8LSvIDMFTbrryCOPPAEPJs+cM2fORy655JJ9Nh7glK6uBV1dnYc1mg3rIjFqLNgRhMmruIfu6+vruf2OO9702MMPX1qrVf/AT6gACC0Aq0KvAEvVFkjSSqPeudnJd/bZZwtBlLKyOvV6HZs/sODOOMEWtL/vOy8h31gpjpMvqWqN7SC048g+CUOZPEgYohz+OHkz423asga6usrLpvb2LuNcQm/Cuyce8gMDZayXRBr1eEpSG7SfaNqyJFuapkn8t66u7jgOzT5pGvy9zd2J3sxONFbpnXXMvHot/J+uzl6v2UgliTH81BUDy9oB0JC4qLhZ+bFBgV+boSUoymgL4BHFpZaM8aTZiMTArSISSRhX70vCygcmw79XwwA3eQG43tnT07Nfs9k8BRvxS9/+9rcP3oBRzXsBuD7zEvgkuEkZIk+Mg7uVlLqPZWCwf/6nPvWp5Q8/+PAl2MRxo9EQEuL2G50EalW1FjnawgaPLYjOnz9f9t13X5vmfBG06eYAaAuJD0rZHvomzWa8PV/+4RjuieLkcvYpRb9phWP8HJrtC9tjGfuHw+Z8FLT/ZySUsKWLDzcb9dqyWq1mD107z2LsnPteQQI/X2gm5nlbkjGyTJ3wuv6+wZqqp64Grz3z+e/eqeYAKDZSHZM3PmfOcfnuqbO+7OW6poq6Yjz4wAEQfEKuqsMWuFHHxgWLSvBSVZsmWKhm8RaPglcA3qoG4NHEodCohs3Kvyx76Jox/9obmhzX1xVXXHEgQPIU3v7yW5SdnZ0vmDlz5mkAOGXHjzj00BcMDg4eOzA4IPSFE8AJcCwjACZxLNSlQJdxGP8C+SnkXbZq9eoHyEvfOPlj8DkAfPKyLZbZ+jgU2C6/is8ygijqA6xbX+UmH/zYtg0eCEHgHYc2TgON5QpRyZFUPk+gQdw+YGVIYvsM2VfGwTMV6fNA7WsrGsD03w6dRao6PHcp7orjOBXPLebyfud+WxExXBzVq7dhrdTyuRL2oLO7JP47hgt3gshOA+JJYeq/NeL8MaWumRLCyWGcGHZ2DdZUbEksaFMdRhRxVRUFSKuq8JXa/7fWijMt4CGAM26MCiwLMRr/dOUD1/yaeZOVYPG+GmObTbAkgGLzeADRN33nO985HvkapemHoyR2Hfio+bsjjbApuULeWtO0vIwaCTxfHDVV8P8IJFOnTl3TrNV/GYeRpHEivou7m3pDXONgblJRVeuTBkha65ty+HFD1GN1YT8ACJaXcfaNwOrgEIiiRGEh/xMYFTTaKx2qcBNk3cA4rXC2wTjJGBeBAYltX1XfhQTBHEH72pwGMD9LwzCOozAR6lChQsdR6FAA4oVApLjNP/WrnY2nHFfKjUYovleSKHQXnH7ym7bVHbO5Lk6YfDNherodHZ217/wT/aDzXd09M83AYE1yQcFKo5sEN/ZYOKklZsKiRBz7HVYB0zD8LIDw9pwkgjIRvDvCl0GQxCFuAc19jVr9X5GXgCbldc0118wCgL6RFjEHCMCCrlLp6Og4tLu7+9wPfvCD5z788MMnEkSpK+qSvLSMaRUD7IUgCBkC/gseeeQR+8mdc889N4a1fQEs8FUsZz26QrI2CNCUx/YcpwXsaFNe+tKXCtOoJ/7Qp0ZYl/XYbgb6aJuW+AnMHwOlqBPFcfx59oMAzn4gb3hdsA/sHwntz8H4t+tTMZQ96clJH4cemwRwrguuEa6LUrFTBgcrkg8699hWHQimyN8AABAASURBVFx++U8G0jR6kDJCHAqFfNdejpM/f1vrT3S+SQ/i/F0URwqfcx2/ExtMFFsSmxq3XalwAakYwWLaIgl5UvCJjTFl5cBshJymwAIv18oDH1n16NXLwTL+rzH2EGD5CoDjbtQjwRbAZkGc4nbZZZfjAMrfABjnmQ8gsyCHOoI6w+DNMgIuAHGDL0C97nWvuxOb+FKCJIltEIQpG7xWFueJaeZTPh9wwp1j5dMvzjrMZxskgisJLhoP9WghIxj1laAGze3LANJLOG62w76wXw6sxxiHOHjsQcIQ/ePHDTsZb9OmNeAlzlroMKzh4XcVD6ULpZIYuDgHKmUpdnZIo1GfOW/e27s2Xfvpua5nlsB1hjngVIka9d44f/5rd4pPqpinq2Ny5URmr3/pKE09OkmMtcDzedypYYgEkgT+N25EkqqKqgrjLXIBzo44xhUCgVHHplmmqpIK3DBxJOWBdRI1q99f+diffiOT+HXVVVd1q+rfc/wESMQtsBJwAVqybt26oxYtWtRFkGM5gY68cGVgQzaEOmQZgFAQXrpq1apbN1YXAPjLkFXn3LCMdRhSFkO2mbXXwEPQ3Xff3f4wFvkg0/aHcfJDjgV3xsvlskD2WZCx4QNYZGzjRSCH1Wi+xvZZh2PjWDhWpiHf+nYZx5jpz239NwtmtOlpGlBHViEz5LxxjprNpmRzB0MAc5fv6fDMNn95p5DPLUmSCK610O7jKJTdkpqegzYm/WUm8wjnHvjiI5p17x/j0BXf8aVarhBAhBvQ84INhk6AeDo5WBAgMfhzxFGGirgKTHAAeSQ9ncG9lfLaz4gslMn8Ali9BOB6CAg6aX12m5sO+cLb4YsvvliWLl0qBLYM0LJy6puWMsu4YZH+7KZ0tWbNmtuRfweBElb5sJXPeqiDIrE+ccolD4H6TW96k7CM7hUyMI9pziXj5CVBRh7hWP8bD0FcIeNnaONxgLTtB8eJtEDu8EcemeZYAU60/B2m2/R0DSRR1ERug3PEZyYhDKL+gQE7l7hz4ncDvKapd4Nnm65Va5Y/7nra9HzHPn9x3cAr5rtetzP8VK3ZJg0950xj6oBqGHyikO/p7rA/L1u04FOpDgpuvYTWWRDkLVAQWJ5GiUo6RALYbvXACPmSNBb6UzQN6/Xquo+vXcZPoyzkRpfJ+gJ4WwAkaBO0AFKS0dq1a+V3v/udHToB1EaG3jILi8BH6unpuQG6v3qoeIOAvvHBwcEvUi6/zaeqds7SNLWbmyEroC9CAKU1vtdee8nzn/983glYMAXQWl6WE+hZh31mvxC+Hq6dvSljjMR/DvktylTVDYB7pDyOE2PYnk/FjBQ3KeNxEDRjTZtqjAwAvKEvPlsR+rUj/nqoiOsnpndbB9/T0/VgFNcrSdK0nyBS8SSOnAOK3pwzt1XGROUzE7XjW+v3Pvu9/HzH7Trd8zulVo0woakU4ErJ+R4s8kEhSNBioo98k4QGdIiMOML/6OOAETAumgDEsVgciS599IGOC8A2qS8A9MEA7qNBAiCUDMS4+Qial1xyiSxf3nocQB5aVwRa8hLQyE8+3ibD7fJ/W1JWb2/vVQDfx8hLPsogAFMG8i1AU5aqWoBnH+BPF/rGycf2yZvxsI6qCtMA9m4A/5shV0GjvSJUwBMV+R5k9LENtsU22UeOF+X24roi4cB4j81ovz1NA0HZC9NEmiwwnmvnhwCujhFSmMROMzXbbInnkmh1Lu/1V6ploSVfLHSK73UUw0b6JrYxmclMxsHNnfviaWryH1UTuAmsacfx7ObnxgpxF1fqKFr/pe/nAAQOSDdLjvGEm5WWAkN+okXSUCRtrtWo+qHJ/KUero0LLrjAgfX8HgBVjjpQbVmgBEUehLCq5de//rXVEfkBcGKMsWCPOtYfTsAjQX8PgefXoM1eRx555FM4BL5DFw3bowxVtfxsU1WtTPAMt4OH1zJ//nzbJtqwhwzrsRKA2wIE06wDsD0f+fynyi2hSIzicsC7HOP7rmrrYOC4kGfXE0MS+w4eRvkTtScy0qYNNZBO6YMlhFssZPOgpR6pM6OuvcNRMfBeJtv8YPMnl395MEniJwqFnL0rS1MV38tL4HccedKxbxzTJ5NkgrzMBOnnqLqZmPjdIu5eDvzealxRxX7FQw9NY3HdFsDwtI+TZEiuES4iEjNUVQyAyGBB2RBxWwZ+lUjSuBn5TvzZ+++/9GGZ5K9p06btA4vyLI6fm4364JCZJihec8018thjj1mgzMoItix3HEdU1QI8eQGk3xKRKmiLF+p+H7SafnECOeWwPkPIEAAxHmDRMBYL3GyPP4zF0PM8O3eob9tgno3gjbIgZzai/EJOijAAjeYC8Iigja9DfpX9QThc33EU68u1gM4yVXXy+bx1Qw0ztSPDGgDo2nXDeeE8QV82TQamRbABZZtfaZJES+M4xF12HgdBDFkicKVODdxO3n1ts6CJxmgmWoe31t/d9j1xL88vvT0W1UQA3sMVEsRSMdy6kiCeXVtWARdTGmFBYHEEnoqmEU53uWlg7dIvZBImcwiQegVuc6cDjCxgcqMB1IeBiq4U6oj51AOBnABGIuCyjH5xWPP0J/PBINm2SCtWrFiGuj+nRcsNTuueIdtAf2xdymfcA2izfI899pDjjjvO+kMB1EKgZ9uQYx90sRIPIdaBi4ff6JuCPHs7j3BUF9p7FBV+QVk433FoiCX2D/kAj8QS28bYz0XeAaD2NUIDjUYn3OGOUIcZQYtDHNaoQnbqD2VsU6CS3IdKVibXoev68LfDvVLsOfW0E9+81zYJmYBMW0awCTigvN/zgShxZ3X39FqrSAjYCkjfYCzrh82N54iDTWgsMT1MQHzfdW1+sViQZliTeqO/1gz7P/7kk4tqG4ichIkrrrhiBgDvndwYHB5BiZuDaeTLokWL5Pbbb7eWNgGTxDIS+UkEXxIOgp8g/ThoqxcfcPb19f1frVZbyfbYLkGb8Uw24xkoMywWi0JrnLxsIONj23SjMY+AzxAgvDfiL0U8BTmg0Vy0AELU/wr6wI8d2vWBuHDd2PWGNcf2qQ8ceLzeNpoGxsw7gSo2m1WoS5VdxjZjYIkZePQkRkRNbEYF4lESL4XOIxDmROy6nAIcqNei3R2TO1sm6Qu6mjwj232f0w5oRLrA9QC4USLNCLfcXBHYVNxcNsrlAX9ZK46JBoCrOqKWFJNvRFWHibdnKdwwcdgQ+FHENfGv7r3r8j/KTvCC9f0KgNEcoJDAohQCKTcIQREgJj/+8Y+tFmj12gjewG+tUFrDqmrdHgC4FMCZPdBUsG31wgFxf39/P3/P2x7GqG8tLFW1IdshEbQZ4pCwlvjhhx9uZTMf7Wbt2/nM+kR+xP8BjHSnxAhHcxH4Der/DXQFZW1cWVVte8wHD334r8ddBd04zGoTNOB5phO3dp2KOHWYEZK4YIknqmmaGCS2+Yri9GFV5U/boQ7PWmBAkzdbahy3eO6CAxeM6lCAkAlxjUpJ431EQVD6gOd1Tsvlu6xPLM+fYBgC8FbfsWRSB1EOe4gA6MgQWgMkxkcSwarRrEmc8GdVGyvwSP0TI8sna/y6667rwNjeTPDExrAA7uKuhGBO0F6yZMmwFU4e8FqejJfpNE3toQhL+UKk7wVR6QRBRLd8LVy4MFm2bNnX165dexsPEbYRx7EFxyRJbGX2h+2xHWYQtF/zmtcwavlYxjsG8pOXBcxjiAPpSNCLGR8DsQMGMr+QtZ3JpSzGAUHoQ2oPHPD14uCb1H5ZjntU1DDFOE7yrEODKqNMn8hPRbhcENvGK9V4HeY05DoweD6R4DmYH7jCH0yT1DlgdVc3P/a5jdImDtvotDSOx7X3/qfPkyQ4xzEFCSMjDv1hg4OSKK1x7jl2nsMFpa4Iv0aPZcJFk6I4BZjbeMqNF2Pztaher8rUnh5Yoo0kipvff+CuS++hpMlOAMzjoI95sMZhMLXAE3kAJrWW8YUXXggdUVeptbwzfaCOBW6mCWYEUGyqrzANguLxPnxtOfKWt7zlIQD5N2HNDvDgIDdk2XaH5Nq447R8q/ykDP3ic+fOtX1mfwGerGb7yAOZ9bIxofz9KFQQFgXeR3clOJz+hDHeALJ6YfWRceqCBD766Pk719v8kTnKmsyUaDgTuvE4n9QZ4nYut2fMjsgax/FoemM+UsEDLPt9kDhOpZDv7CiUevgv+2SyvcayeMelDkq5nver5LpdryRGPbtpOzqLohihYpuqOqJCckWVZBAaETGieOel2oqptkLmkawlHjUfCTXNwIjZk5ZuueUWD6D5foCjBkEgCIdBkel77rlH+KkU1ZaeVFW4GQGKwhdDVbV54L8OIHaziFVzU0bxUpizS5YsufmBBx64LJ+3RpuVSRHc9ARkxklog4HQ8oZP3faZGRgHA9t/HAa2Pnztgn7xMDoJhfNBY7lag5f0f1EZiIH3oQv9loyoFxKK+Dser0TYvqABTc0s6MjF8Sut718IMDcdviNGWTqkN9nWlzaTAayJQa4/ukBJXV0ddGdBhErUiE948UlvmobEpLrMZBjNvvuevn+5HJ6Rwpr2HU9C+MFodTVqTSwKxeJQoeUtAGzSSLcJcIJZdnMb44qrRhz7p8LFFfiO1KsDDcekX3/wjouflJ3gVa/Xj4UL4FRsCPv/IxG3VhJDbqyrr75aBnmXA7cGeaiSLCQP4wRZbiaA6+dQjgcKeB/DhQPlH+64445XUh5BmCKwwS1Ish22x3weNCS2+eIXv1i6urqEfaX7h/msxzTrME73DPpGUf8PaR0iBNt8WeCGh+dS9O2ukbUolG0xlCS1umO7ODjeDT4ftNNf0M3hqian6kAXRgR715IgjhxcSarJVj+OCr7hq+LWanESPYl5FSxN5Bvhgc2DndgQBMU9xMmfjoJJdQ1rbCKPyvF63+G4+V5+ay8K6+K7Kgn/6Sot7gR7xn5SiUPlXk1ENAZAIzCtuGAdRWlkN5sBkHuObw+CrmIRh0ADh0B9iZG1XxMR2RleAKDzAIYBD0JsNjtkAJAN16xZI5deeqkFSICXECAZoo4t5wZy4TtnPdS/B3L+hAIq3oIe4qO5zL333nvGz3/+c7dcLovvY17CcDhkGwRw5hOUs3ZptfOTKgRONpb1LUuzz1kesOPF4gn/iwwWCrlHTbUoSr5GmRirpEAPklEVpSj4ZT3XiGtgc8YJn7q+TNovzGFxnzhSE2MCYqyMRFxguAdi6IiaFJZ4HI1OVY9S4jrP9/EMC/pOPaxPD67QJtwpJezpJOflOl4xOpnjn5vINv57uYUe7rvvgl3CyHlFZ9dUqZSrQheKaxTAK1LI5SVNccgPUyKpgNKWv1uTVAjeqikWlY8Jd8QA0VVVenu6pW/tGsGhEMZh5Rt33PHHyha6MWmK8EDzIADcKwmMBD0CI61ZAjUtmiuvvFLwsBGWTiKqat0UHDx5AdqM2jzyI0Hbbc53AAAQAElEQVRXA/WGGUBqlBfaPmHdunUzn3rqKaH1n/WJdwHZocJ2CJ5FHLgMWca+nHHGGfbr15AhBHpVtQePaqvPrIdxYgyiRsz7RCQCjeUypVLplzhEHnHgm6f/lUJ8x5Uk5DoTCVxPavUa1mJKdw/bIstOS/MPP7+7PNA4rKOrx+oAOI7QWEoTtXpKcRImSTQqSxxrJK7VqytqtZrwlzE8L5A4SsX3crDIG2LToT7v757/jl3Q2KS5qLkJPZjE0dfl84VZaSLS0dEhjWpNqrDauHn7+vqGx6Yq2LAKkG6R2Fdi87jpo0YTwGQz7clNMAhyjkRx/S7fdyb976O0Ri48zM5W1V5Q638ewqqhLllOMPzVr35lQZFp8hAIGSexnCHzCoXCcgArP5Uy5jUWRdFbIUsJzhdddJGdK7bJw4Qh28pCziHbpxUOQJVdd91V6FaBDLJZStP1ZwnjlhKRJEr4GeJ9LdMY3srl8ioY4D+BniLfdyWKYqlWq1Io5KFPD+sqkVyQs0YCxPMr4Kci3Gmv3FRvnySNump1nu8yNK+cG0yGtijFXKWJNmV0rzQIvD4cqoJ1Y+eA64KHqzpGHNeVZhjNdvOFiaX/rehgzBtsK3KfleI99pifK+aKb1AxLjd6oxFiw4h0d3eLiwmjX5SbfENK7QQbjNzgDWBj6+TzRQtaBIAp3Z0S+J5UqgO1wNNv3Xbbr9efBjJ5XzfeeOMMjP+dnsfbUAfWS21og6nQ8oWVLg89xJ8/EZvPDcLNJnixDgJYO55wLlD2zb6+vn7kcXciGPU1w3GcMymf83fnnXfaLxdRCvP4A1m8QwAP5i8RxlnGfqBt6e/vlwULFtDytX1inYw47+RlWo2IcTTvBM5Yf6wqoaxcTr6NQ2SQMoE/di2xT+xLFEVSb9Sthck83/c/wDo7K1Vqg7u7rinEMfYr3JjUA+eYYUZIx6mm/M3xLGubwjhprmyG9RjrWDo7uzD/Benr67PrlXMDTPBr9eYLt0nYBGHCEp4gPd1EN4Og44xyuba37+ewaYqWgxsUJ7j0r+2TuBnZvJFvWBx2Qo2qkJcWk4Pb4CYehtaqdZtHgEjSphRLwQPV6ppfyE7ygj7mQxezEQoeblrgJgBx+CF80T/72c9gWfpMWmBkRFUZWKKFTL7e3t46wJTf0GR+yrfREvrwWhwGvdx4qmrbpTWO/tn546FCqzsDSbRnLV3OHXlQX3bZZReZP3/+8J0D89iPLFTFrTsgmOm4GfNfqo35/zLW6/IY+nIh+pTm84HVH/pv+0qDwigsQawzADgNDP4w1lHsy85I1UbtCT9wYIYnOIAjHG6YhCELXODuhG0loMRxtDx6/aQVrN2Ua5F7m+uXOldtraF6rSlhIzrmjOMWTBm97PFZw4zPbm1br/K50nkdpa6AE0X3B8GcAN5oNAQnLhZHhh/pUDyxglOJbYhMoe8SG8+mCUddJbhkGjUURXHf2uVfX7LkD2tt4SR/u+aaa6YBdN6T6QJx6CC1wMi7lVtvvVVoDQOosMGMtXwJfkzDbWJ5sXksaOFA/A7m40GoLJsAREd1+ZD99wRjgjj7Qrr22mvltttuIwgOt8dDgyCZ8RHM2SeCPMte/epX2/5mrasq3B2twx1t2OwojCVfyHFTn28zxvgGl8rXBgbKda5HiqB7j3G2w/7V4BdnGv1y8qXi+8gzOWnLo1q8+Dc31WqVq9UkAPHEziX1M7KWmjTWxPD3dkZmbz2u6WA+n4spT1XtxwsJ6FiT1r3S2dkNbJg6W0tdx25d2MTgmLAgfsgh5+yl4j+/CWu7VOiQAA8vwkZrc6rq8EZ3MA+OqFhCvhERA2jhJJMIFJWBQRE85HRdR9auWy2e7+IBaHhPPvC26QebIHLCX6p6muu6JyC07hACN4GTAFTDgyL6wqkvghCBkgNmGUOAkgVG1iF4QqffRH4C2uT14x//uPOHP/xh8YILLnA2xYBD4bXIn8v2KRP9sn1i2xdffLHdmLSuwGMBgOXcpOwf+VmPafbvoIMOstY4x0VwR99YzRL5A7jNMNnwi8e48/D4rUqCuS0fw9ttU3q6/xDBJy6OkXVYV27gS7lWx219Tjo7Ou2BQn3VqtWXQ/7+oJ3ySpLwN5VqP6YqxBzSqCKY80FwFsZNYDw25ujU02g0q9jHmNpUOOd+LpBGGEFIAvDussZHf99gRzHfyX/Xh/yJfxHTJuQofD//0noz6enpmioDAwPYHC5cKnnhJuXkYRaFL4P7MkuAC+bzkygMgdosxq12jAeiXVhIqXUR8Fa42ag0Qd+5bSfxhV911VUlvP6JYEigw84ShgTrCP7cxx9/XK6//nqrL1o1LCdYMoM8BCXGGULXv1y3bt0dTG9MCxcuNJdddllnT0/PW1H2Dfite7/xjW94iG9wNRqNd6JdwwOBMhG388q2/vSnP8kDDzxg0+wv89gfzruPh7BVPFBEH2z/meY6OPvss+2GZiMs4/yzHssaeI6Sy/nY3CEOh3APzzOvI99Yac26vs8HgV/P6rf06EB2Q9i3Jtx21CH6UTSuy29xZqw7Vehq81o/cNelkti9x7kYSchdN5isGRitUvycW127drU14hzjSZoI5rYp1DmNET6v6OqaIoODtaNf+tK3F0YrfzzyT1AQX2hM6r8sF3Q4UZhgggqiYiSOEsGaEM/h5MXiey7yxZJs9HJom6sKNpNkr2ZYhVEWieMm9yfRmp9m+ZM9nDJlytFwhcyLANiqCn3m7MLnpiJQZtYvwZKkqsKQpKrD6iFoJkmywX+xHy4cisDFMDMIgrdPmzbtlTNnznw3DmA62a2Q+fPnu9OnTz8brEeqqgU+yLOAzXkCuKNI5Nvf/rZ96Mr2mcEyVbXAzbjj4MRGAct5CBx11FFy5JFHIkdwaNPyS23/OT42nCaJYOLtOsF6eicYc6CxXtdGUXhjqx8qbIOCmGacfWOfDFozIrzjGLMfnnInKl1900+ejKL6XUkCKxn+8CSJMX+xwI2CqUjEM6Z/8eJ5w4fhto4zDOsJ1peEcWSJ64dpHp6cA+W+BzleaY9GOTxEJsEL62jijWLevAcOqlbi56WJg03S2ijcIBlxRCPjI9NZPkNNUDcW4cMwfkVX8aTcMVHcqPb/4I47/riS9SY73XXXXSWM/935fF4JwgQYLnhaLtQRP6P9l7/8BRsssargRiDYM8HNoQodwrxh3Xq9/kfQdSzbFJ1yyik+QOx0tLUfrPFAVf9p9uzZZ8BCVwI4gD3FpvsnyFe2QyIQk9gvtse8m266SRYvXmwPG8h4WlPMI7EAsoR3DS972cuYFFrglMEEeXCjJuRxXYMyR0qlwn4isl1fCEnS9LNsg58Zx3is7qhLyB2+mAZNwyH5huHMnSySy7vXNZt1azBQX5wb3hVhPaZYTytEFrYW3Sj0YkyaKFBN1RHOL6umaSwtShGmyEJZ6nckkj8eiQl/YbgTbwxho/kiL5fvDIK8qBj4uEE2xpSKcp5kw5cZKlf7w1cGhSSxt13k7+4sIC645e17smbiH4Jhp7jg0pgLYH0RAMWOlyGAxVqq3FR//vOfhe4UxslAwOOGQx0LfgRY5rMcwM+v2G9C++Sw1I33NxLY2A4ePhenTp36X3Pnzt3/kEMOKaxevfqMtWvXHgMe4QYkH0OCN+XTEmc95v/xj38UBxY3+0Ie1mEZQ6ZJjJOnXC7LC17wAuE/VSY/65PIQ0oAFRHu4sIw5rg1n/Pfj7oOaExXHAsOs8ZtxWIeAN4CjkQQaksc+8n2SdDnO5Db+tYLIjvT1aiVr/ADt8ID1OG3rGFE8Qfn8vkgGiz3j+knLoxxEiyeITWaoVAEM2u/2Ac45826GOMbVf/EYYYJHFk/ygk0CM/Pv8x1A+MYuEtUMWctMjCrNibVVplqK9ygXF3cXkcC60tWr1kl1Qp96+FPHrrjV+PeCt8R0wVfuNvZ2flugG+BAElAJuhRR7Co7bOG3/zmN9biZRnzCTwMmSapqu0KLOUbKpXKFn9nHdbVvpB7MNqzddhWEAT7wh//8f32288bHBz8LOR7zCfQWSa8sW9ME8iRhMXsyT777HM5fMz8eVs7/8wnqapNqyqTwr7SFwrrX175yldaF40tGHqjtQzQsP/Si1/UYVsYy7wgcPgxwCGuUQehY+SLlIWbFFh/AkoB6IkljiUjHJhzIP0c0E53rVzb/7ckiZZhTcBHPWgPZegeB2kYBrkc/3vSqHWCNQnVpgZvVucUwDjD9dYdYC9VcdQ7/CUveeeEP0AxGplQr2OOOWefRhgf6Dp0pZrhDasGw6BJPURDwfpypWFFphYpLHLUEAPg5yan1dRoVpbGTvwd5u8MBEuYoLoAC98OV1WFAErwoQvimmuusQ8RBS9uNJYBdHDw8SFgw4IpNx3AGRsv/jLYNntddtllAeS+A3Jz1DldNgwJzAD1s/v7+y9asmTJAZmArE/cgARgWKy2XabnzJmzTFX/4cknn7yNadZB2s71xnEcCgI/vP1J0pe85CUya9YseyhxHKyL6ZdGrSFRoylqP6FkDQNN4uSfKGusBKP+4jBKHhGcJQnuTdjWSEI2i6g3rsH3op0SaKe67rvvt2XjyJLOrg6sJQe6CMUPPClXBuJms/bYWJShmEToORWANBwrw0AuBAQI5DoR3L2nqSNJ4vbWy+HByJ7QFxFtQg2gWm2cgQ1YchxHEG6175hQO5EMRzIzTfIMJzORSnlAfF8vvfOvF036f36c6QGW7xsAll1MU5cESgIr9cLwoosuwubyrPWalRMUHeiemyGLI1wMOb+hnM1REASH9fb2vpiyYbFD1z42bSxsEy4Vc8stt5zCw5T1IYuBsA0S89kf9oEh2v/U//7v/z6Mdh8fyWsrjXhjXfIzi/Guri4555xz7HiG6yUipWKBLBJGuNmG6UzeIMg9H5kng8Z61VHR/jcjVcQ2c1EfGMchGNNLN8MyqbOrtcqtuKOyxgMNBc4x7swaURy3vho86tHbQ9jWUm0pnjomMTMLVaxRl+8q9fBHyWQiv549EN9BWsrlCs+P49SP+DRb0tZGxyhUWxO2cTM8gElPy8dprGoAIolwo6um9XqjudP4wvGwch+A5xsBrkPj1+HDzvM8+5HC22+/3YK4qgr5CHwAHHt4UmdMU6+wlL+BsAba5IWHpz543rVmzZpuWu0kblYCOGU89NBDws+hw7Vj+0IhlK/a6hMADlZTgrmKaEmvQt0fgEch72rUL3NjqqqotviZRrlNs269Xrd9ZkhrnN/kJI+qoj2F5Ve1AC548aeIebDzTkFF6BtH7piusFgUfmsVD+jW14dMIa3PEQtgqvpu5LmgnelKOztKfwvDRsg7Irq1Go0GXSvVSn/fGF2aEdcxpjdlKImKJWRgDdkyEdyFqxox6nnNZnLSRFe4mUgDOOSQl/TgFugIz/UlH+QkjSPBXAgAGKSSbXxVFaREFe9YnVAIGgAAEABJREFUHapIb4KMKDaQSrNeFsdNb7hvyaGLZCd5AVRfODAwMJObhmDKYRNcAYqiqnLxxRdbS5lWEvVK65khAZ4uFPIR2B3HeRwW/UWsvzlavnz5Hq7rnjVlyhTrEmF72WFA4L7kkktsm+gPNlpiAZflJFW1eWjHzi/6+9W7776bX8fGvkxvAc+DiNj6I9tXVZvM+gk+exDh4JJTTjnFxskA21vUUeHHUY1rbP9qzSaLcIA5f4fIWL8e71QqsgKG/TdAtn+qKtkf5A5f7CP6dwIyXgDaqa7+cv8D+cCvNkO4tOIQwBuL7zgr69pcORZFQNce1oMB4UFmYkXYT6YgmiYG8lUMXC0OLHHPeJImzr6nn/7/ijKBX2Yi9d03xcMlyU/Pe52ShBHcXLCiJRIjCFOSYJMYS2IcJAxtdRvKRi9OcpLGImkTFl61IRJ+bywfadpI7IRIwnXRBVB9i8EBxw7XajXr3gjD0AL3gw8+KDfccAOLxBlynTDBOHkI5KgvKXYM8r8KWgva7NXd3f061O1iXVUdlqmqsmzZMoG/XFRVshdBHvxZUthPAh182zXf94efWaxdu7aCvl8BALRAjzIrR1VtSAHsKy1whrSuyfva177WfjGM5cbxJMGmxuqRKIb1pq11IwhTAawbw0+PkHW0FA1V+D7CNdSVJRWs1lTQwRaJCMfKfiF8F5I7lTUOgF3ju2ZVozYoed/Dno4lSaorH3zwcuxJaGOUVyReEKcmiYAHqSaSKnRtFGvIF6M5MUmACXDEUSOB50uzkc7yk+ZUmcAvM6H6rvkXuk6h4Ll5dNsAeFwASdwiYYhNCGBJsSnthkkxgeDM4gyRHL6wgCSMGtLZUbg3jepb/GTFcKVJEFHVeY1G43nUB+LQoy8ARCHQ+b4vF154IXSaAmfUjpbgy/w4jm0e6gqBFuC6AsD4bcu0mbdrr722B4C/gG2BX0iUw/ps7/e//z1vn61cimB/GJKHvKzHOGSwT18D6D/BctLChQtxo1D9KeTU2SeAoJVDfsqnLMZZl2kSeaZPny5/93d/B7BIKLNl+UtKkYKdPiyD40bmq0EHgsZyUegTuGOxdyrsB8eD/tp2M4HsI3gEfeOH2e1HLLOyyR4uXvyzNaryAD9muK5vjRixTybvH+u4NXGB0iYVxWEMIdQ3iYdkkqQAcN7ZiaRJIgnWs+v4+WYYHgTWCXuZidJzfhmkWCyczAkBcAgWvPAWX9URJQlDFVVSipDEuIrwNBZBnloQITgwiyRpJEajy+9ofawQzDKpX9CfgWX6NuqPoKKqgjzrXiAQ8ss9/Gp7gkXO/AxgCGisQ+XAFSMdHR202n+E9BrQZq9cLvd30Pf+lKWqQhmqag+Ovr4++1+CCK4sF7xU108B6iFH7Jd12FfwfMtmjHhDP+/AOriXwMj+UxbaFPaRadSxbXIcjJN4IBHEe3p67MHF9ZTVgzyOy+qEzUAOn3pm1vj6zrFw60R+RZtfYf/ZBquwDYbIt31jGfvKfqDvtMZZvLNQWq1XHlZVKeIhQq1WiVTjR8Y6eIgBiKO2JngTu+dV1e57VU6H2LxUAOQg13FyMP0m9Dc3DcYxIa7Vqzun1uvRvoV80W48VcXmLgGA3RYZYyfKwL/JzT9MQ2lVtZOnqpZPVUXsREfler0fYLSQuuDcymR+3XTTTXsDLOyXe1TVWqMcrwO3CXV2+eWXW6scPMN6UoWuwJSBDlwYBLom+Lf4L+v4QBM8H1VVK4v1CWAEXBKsdHniiZZhzTLBiyH7gqi19hnC3GY/fwjfu/1cOPMyOvfcc2P058sEZrRl5xh89luAPGhUdRiQCZYEc375Z++995aTTz7Z8rGuKp6NNJvDvOynqlpDoVAo8PdU5qLN0a4P8sfQ5Z0A8Ms4Zo6NY2RfVJV6tLqBbHuQquo5iE9oUEH/R3XFcbhEjTYRSr1RC8Nm4+5RCRjBjJvvDtxUOdCjABKwHlKQDhEYYaQLHFpi9z6cqFHkwl4Z650WBD73F4Hrue/FNvQg75X2C5vNPDeAiLGbDRsDk+OMIEUchFFpRor0CDJ4Mg3Pi61PWUHgXnPrrQcBHBa2ju5t6MtEZgnD8ByAWzfBpNFoEBztoQggFFjowoeMHB9BjCGJ+bAQrc5Q31pMqPtz5G/x45gA0zPQzn7UM0GLMkmME0j5RaKsjCHbYkgeVWXSujoIfsj/AjIwq3jf6EI/fof+47ZcLRBSPtfGEPjbMaIfkoE85VPmK17xCpvHsbEOAV5V7V0CmyA/60FOD3jewrwxENeVQb0vQndoIrb9Yf8wJrteUSZsBzrlHARol4cGs3cKcjx5qlYrh3EcSamUa+BJxLKxDjyVpASAxuIBeAOwqeMWxXb90oWaAOWZx3Xg+r7m86UJ/e/auLjGqq9ntR4eUBzjuTnfwYxnG44bcTSdyCaOk0fCyd+o1wd/urM80ITlu1sQBP8AMLEWIPVH8GjCAqVrgV9lf+SRRyywAEgsD3VNHZNnJD/kbPGHrvDw1MNh8WHqmUR5lEMZjN99990CS51ZwxY385nBeVLFPkSCYIf8X6PPtyJJQESw4QUwXglr+mtwq9hvmSJuwZxySKhvx0RZrMk+QJ4ceuihcuKJJ9o6MfyjGJMFWI6VemG/ma+q/Gw5f6Z2NuuPgTiYK9GPOyiX7VAG+8H+sT22w3ymVfV8lI+1LVSdWFe13P9IZ0exWSjmpFId7Dc5eWQ7RtCDusA1QDXMcsSHL/64Fj/JZi1x5OLRGd5F1q3rnzN//ln8SQibnmhvGOzE6LJR76goSnzHeBZcsCHshhNRkWGSoRf3ekYi2BTiqIH9jltr3Eol/FRKEiOdPKaaXCU7yQvgdiKsvV1gVQoBhMBBUGHIj/f9/Oc/t5qgvqjfFJuAwEcgZx4sXmvNoP6vYZ0utsybeUOd58MSP4EyyMI2KIPtlctl+4kU5rGMxDKCJkOmszj7gT7zN1mYvVmCf/3nAMEayH5MkH1FPy0/26Q8tseQfeK42NZ5551nAZ/50I/l5xvbJR/1xBB501FOIEd01FfMGmjjC+wDxmP1z4OE7ZBYznz44Hn3MR3pncYaL3R1rFmzbiXcmmXJBd7jixYdNKZPpkBn3OudsMSdFLfbaZrY9Zom2PeAiRQMCR6EJXClMK7q2HlQ1+nJ53sm7KE5IUD8uOMW5FX9/UulTlhtCRa5ZzcqN6ElccSGqk8LMW8b5XH6APAaiWh03a23/vwp2QleN99880wA14e6u7sFrgerP4CSPQiLeKAEK91+xZ7AB7CBniMh+BFgUM9qiHESwOcrNmMzb7TCUfdfKJ/8iNuDlwBG2atXr5YrrrhCWJaRqlppWR2bwBsOA37WcbO/jAgWe0Hug+jnz0E2nQ4dQExkcciya4E8bJd6OOqoo+SAAw6wLhQcOjYkcGOMrGr1xAjzYDG/A3ECrItwLNevIedxVqQuVNXqn/pBPrPt3BDMkX4bMuy3aRFO7mtlf19HR2kwjBrA2/Cu7bozVjONyuKcY01g3aWg2FKSRmIJBlyrLJZ6M5J8rhgMrK1PWJfKhADxwcH+Xtd4M422wJobINuQmPXWaYtNm4I4gSQcuLC0VWwIPzg3LR90OMhwNBY1SZjE1V+Bl6iOYHJfAIYXAiAPAxAJrT0uYo6YeiSo/e53v2PSEnXFCPXJsizOEPw3wsq9hvHNEertBTqB4KSq9PMK4yS2+8tf/tLmgceKYB7jbBf9xCHdwkhV5ebbqhVOIWeeeWYDff0/yIhU1cqgXKQpw7bPNpiX9YP12N75559vDxSmIYPBBgRAtQ9AkcmN/hqEsADwPrrLB/sgDgf+1yNExa5bRtgm1zT7qoo1C0LeXPRzp/gq/tV3H1StVMsr6vVaI44bd1InY6Ww2ewO/DzmU6whAiNcUuNA2WZI34kofOWqCh5j10mj3vSCXGkPmaCvCQHivd3T967V650CWHac1qdRVNWqXFWtdaXaCgXuEtUsbsT3AjuZ3CQAIHEclUazKsWSt9TLyRbByDYwCd5uvPHGToz9IwQsghgAQjzPE8YJbPx6PSx161ao1+s2n24JlhNYcrmcBUKqAnn8oauQ8U0R5GlnZ+d7YNU6bAf8rY2Ch6jog/3kC3/eNqtL+YyzDYaqrU+JMA7+uzBvlzG+LfT85z9/Mdq/grxs23GweZkAIR/vG17M43jnzZtnf6YW7dmxA2htn1XVbnSmVVWG5L1HRGghrxeOjG24auChwfA9yFnF8XLsqjq8flE+HAcP2/575HmgSX4tTIol/6kkaYrnJ/eMdbC8YweA228hU0YUNUXg+OY8M00aGQec28O5u3tqLk5k+MfXyDeRaEKAeKXc2MNzA1PId0qjHlpQpgsAG1yyU1V1483g2A1B4Mrn8xK4nkTNuuDptZQ6ctJslP94000/GZhIkzXWvgLQ5gGUD3BdV2CNW4tEVS1gMe+CCy6wixl8w00wrtriqQPYCSqQcT/oD8NMm4hcffXVQX9//9nUOTcMifNE0CKg88s9y5Yts30giLEdhnRtkJfEPvKQwV3DZ9FEHbTNF9r+LMdEmWyX8kgUMDLM4qoqpVJJzj33XHtQsR55s7pMk9gn5hUKhb1Rfg4oBo12/5B/GeT8CM8UrP5VFWKANSPvIpGnqly/J6JwPmjSX2EzXGkcqQysXWvdTWMZ8BSnl2Dcw7VD/Za6YPdREIA8FqxlhZ7pDwfRQmcReVetWePkcx1tS5wKeaYoTfVQzwvccrkCV0BRVB3rO/T91m23YFIwPbZ5VRXVIRIjuVxBqtW6taxaFlUstfpApVYb+K2tMMnf6J8GgL4TlrEFDQIpgZPkwFLl/6sE8EKveQtiXNTMB9BYPWYAxnwA7fchZ4tf7pk6dSo/ijebMgD4VgZlUc6aNWuErhQCvKrS0rSHCvlYzjYIlgBvlvFX7Ow3HWUUL7R/AzbwEspiuxlYbyyC+ST2Ew9F5fTTT5fddtvNHi6qakPWoZ6oM/aJaeiAdyzvQ5wWMi1rRLf5svwY79fRvybHyj5sjtguJPNnahXhpL6SpLEiTuMV+Z5pG/xg2GgGXQ+iaUadjmYUYt/nZN267J/l8+yU4TnN9C3AB8f1pbOzU1Cld8GCBc5o2hsN7zPJ2xrdM9nCDpCd8/OzGo1QjXHFcTwLDNz03KSqatOpwcaDr4vNqWIucPqKGEE9+7lm8uZyvhTyvqRJ85FaM/4LeSc7wYreFyB+OoDDLmwuYFUVghfpZz/7mbXCCU6qKtQTSVWHQZ8ApqpVWKH89UDZ3AsHRmFgYODtACgcnFUrF/Ws6wb9sL+M+Oijj9o7KeZTDtti2y7uEgiYbIt9xR0U3TZl8oyGjj/++BpA/PMcJ8e3cV3mZ0SQZJvsL3lf/epXC8tYh2mGXGfsG/OZR0Lf+GUcfkV+tPsnhUxF/Qcw/t9SJkLZmMAzrHsceKcjfSRoUl+V2mCfavrIooJR5eAAABAASURBVEUX0u00prG6qZZq1YZRdYQ6JTjDAByeUwqlzhkSGxinYcd4kqa9y5Z1FFplE+t9tIvwORjdQuP63u7dXT0WYKh0bjpu/lZnuC9ISSs54l0xmbmgANBIbF3HNTJY7hdH5Ya7775w1AAxQvSEiGKRKoD3zbA0uzKd1Wo16COyC5s/dJV9SoQDIkChDqO0hG1IAGMEev82wHGLX8JAO8dj4xxMOR0dHcKQdSkDwCX8CGNmfUKecKMRsBlyPtFXa5mjbDXq/5h1x0LlcvkCjPMuHhyUvbEMjpEATmK7BGp+xvy0004T/q4Ky5nPuuRhSBnMI+gzjrH9E0IuPB/haC6753BYfQbyUrZN+RsT+8C2MQ4fh/A/jqaBichbyOf5Q1i3b0/fa41kj1Q0oC655vr7ByGO6jaSjoAH6hYFcK0iH8ae5/oShlIyxi0xf6IRRziu+zx37k1eGMbTOCGlYqcFhmxzEpg23/nW0AgeBA5OLPld1zREo99vvt7kKcEDzd0BEucTeDh+AA9dAfZ3T1zXlSuvvFLgQ7ZWH8EUoDI8+CzOsKurK4SMbwwXbiKCjaFTpkx5J0DHAKCsFY46VjbZb7rpJrnnnnvs4cD5AL+QwG/nlIAF8MVmCsnzxa25bShzc3T33XdXV65c+T94blIhD8fOkMQ2RxLz2AeuDfDLWWedJdQN87N6OFTsgcM8ACoDGgX8J7v0V/OTKo7N3La3FGxcnH9Fm3/J2hjZJ8bBYy/OC9b7udDZochQ0LNzPcutwCe+YuXqlXdvT7P5XHFPLCrX93P2ThAGhSSAauC0FZvSEa5Uvwgsb5vHN2Z7qIQHob1MTzTiYhrXfZ7R4U11jNcDy0zqzRrAoY7bc8duNAI0pgP95zHLoQxRNmsocT0jcTO0roRmsylJEq2qNeuT/gs+eFjpACReDgCaAj8x3EoNjD2xYERwXblypbWMAfLQkthyAAX2QCrMGwku4OdHMe+1jJt5+/Of/3wEwOeFBEDWZ4j2CXa2xi9+8YvMyrZtEZwI3Fmb5IXrgPNURXyLbhsrcAtvCxcuTO69997f33vvvT/DOKpkRchgmNBXO1b2gYcbQ+hKXvrSl2J9eXZ9MS+rkNWv4yEvx8d81Hs/wgQUgxS0rRfrGKzfT43sB9vLiPkUBh4GHtriJ1VSJkCjOTTAPv6vWjjwuHH1ru3paRxG+xYLHV51sIo5DKxBQMy2umSEz85GYAPzCeDEBce4vkaS2572n6u6RL3nqu1tajcxwVRY4kGaxmKcVNTAFQDfdyOMxPFyQl84JyLltkgdcSUQV12B5wRuE9SRSFzUkyQVz3HFM87fbrvt133b1PgEZpo9e/YMAOn7PM+Tvr4++wkMLloCFd0WtMKZzzxVtSPlYlZtxVXVAj4LACS0whPGN0WXXXZZ0NPT8wHU7wDgW8ua7ZDXwcPT66+/XhYvXiwEKPRJCIKMM6Slzz4yJEAi/yewjFu/ikUBYyQ8rF372GOP/XzVqlU/pmweGjww2B+2xzT7wpDEZljW3d0t559/vnU5MS8j9MtGVdWCv6pyPPynEUfYAoHJNxTZSpDpMQXfVXGcXpPYHG7Fp5ODZ0AiBg/yG+eBnz/ChUBivu1AUsjKCFFhnJ1h/Fmhe++98dH7779uu9wpWE+7Ya2aIMhjNjwQz7oIgwkxZy2VxUjFw0CeiINp4z+HaFQb6nqs+KwMd4c28qxO1Fh6noiZlarjqKqopsKvzArCVI1YSlNMEEkRjiTm4WYqjmENRuLCIgc4NMNmbdJb4QBmhVV7BkB1Dyxq+/SdAEn9E6jgqhj+oStV6rVFLCehPgEK+kxpGV8LYN7sNybBq7hLOhigfRbr5oY+U458W19V5be//S0sI88CY5ZP3iyOupYX7pgU/eU/mWDxaMifPn36f8yYMePrM2fO/MoBBxzwVYzxp9dcc81/ff/733/L//3f/8nnPvc5+cxnPrMBffazn5VPf/rT8qlPfUr+53/+R/7rv/5LPv/5zwtdP2ycIM9wS+R53jfB92nw/DcOg88ASD6L9GdIiDP8b+jk04h/GoeIDcH7WaQ/gfAjaZrQcZsivsmLBxDnDNTtecF3Ue/zkP3foE9D7idB/wlauJ4KiBc+mvNLLcoh3IBQlrP0sVyu8K+Q82+lUuk/QR/H4U76T4SfBH20WCzO2GSnxmHmaact6KrUqnsWCiVJANKNeiiO6FBPExFa4YIwJeQBO4AbgleKkISDVEFdyJpwF0c0rjuNCekRTIZqa0JUVVRV+KLyGZJUW3mMZ6Sqgo0ljqtSqQyiXjwQJ+mk/+cPsHo7oYN/Ijhi01vwpCXpOI6Q+F976J8Gz/Cl+nT9sbBer/8fwiZok9ell17aDR3z52YLABK4u5qWVNWGbAdWsbAfqoo5UBsXvFTV9kdV7Z0CDtlfishYrLF3wD30b2vWrPn75cuXvxttvvO2225bABfPUZdcconDjzX+/Oc/t//s4le/+pX913MM+SuK6L890HA3YX/b/Ne//rXAp45uCA7/2IbZm6pm0eEQIHskDrkPA6A/hAPogwD1D6DwgyTEP4jyD0GHH4ZuPkw+6OHDKPsAwPNfVPU/RPQlIvJ0wSKi2srm3EEO3QMnqTrvT1P9EADnw7Di/wV3qR8D/XtGUZj8O+gTURy1KERIipqfgM/3E1gTlprN+n+CPi4i/1Eulz8K+hj6ZwkPsD+CPn88TdNdUT4hLjcq9uQLxW7oQaAb+5HZetgc7rtqS5dZRoJkLDT0WoR8oyYpIpxwlxnvPYZmZ2LhO2Kg9Y06i0UmqigyrqiqBQdV3SCOhWknlFa848qyyJS35xfSZCK8sFH50O1gWFNC0Aa4WN0QDFAm/Fgh81UVCz6xVjB1OXJs0LkAaB5A3ma/3LNw4UIzZ86cfSD/9Kw+9c12UJdWvAVMAIL1gwPUbFuUTR6GqmoPmYGBAYI+f5Nls1Yp+rKpy4XF+D7KovyMQVVtW+wPie2xTLW1PlRbIfvJfBJ1wnGwv0wzzpCkqgyeRmwX7bPvw3cbZAKo2zFTJg45+6CNfaBM5jXxfAbxTQulgCFi/9gGw6Ese7hQFueS4J4R87L4xiF1QGrlh3beyc88yqV89onEvqta/bksmwhUD+M5lWq9mCvk4WtKpRGFdu2z76qZmg2TmyON4xR+mM0Vj9/8LY5qfHTbdKo4RtURkfW3QUhscDmiAle5DL9w26SqQiCrVsuSD1ypVwf+tmg7Poc6LHvHRJ4RKQQGgMr5lYr9YIbd8AQRVbVAvmTJErn55ptF1W5S2dRLVW05yn64xx571BE+7brgggucU045pTMMw7cAlIqqan8PhWBAcACwy+OPP24/AcP2CR4UQtBAHy3AMmQ+68AX/VeU3UieUdIrYDnuyTbRFx48liDLgirbyOSpqo0yLyNjWluAaRaqajZ2wbhsXFVZtEliO9Q15cDatvrmmNAn+yCX5QRGVbXy2A7LCZRiX7jF523+RqTaapP1yc9QVSE/Fcd4YtRFbSOqaskgrXQgDKVVh/IxPvaNYyEhKaqtMhl6sTyTr6q0+K0OoU8zxDLeA41SZ0/X9YMav9iH5wgcE5QkJHhXYHNLixShpQRjSoR8JMULIRzpyJ5g1/ifJKO9UK4DHW+g2izNB5qkrJCbZCRVqoPiOCpxEuLJRTrp/eGLFi3aD6BxeldXl7X+qBcCHHUCPQrdCFkeQ+oxI6YzQl4fwPWnjz76aCPL2zgEEO2DzX8eQZplbIeAQ4uY4UUXXSR9fX3WSs3KyZP1hXnsE9qi1cqv2DeZt42ErSiKPvwT/P/CNtEXgFxsiXkAIbtJKZ9EuWybIYl50JUFNfaLfWZ51ifmkW9LxHY5ftaDH962R8OBddg+dGgPLMqkfMpkHtslz7YQDwe2wzZ8z8dajiXBoi/kC5DdOoyZZvnGxPbWUySMZzxsm/1imnGGpCwOHVodMz3OKfX94kHNKHYFt9vUszpGuB5a/SbMkVqp7J3gzjVg06m1AX0bn2BvTx/ZOBsAlNyl6mClGizYYf+V4NmmJQ7AUa41djzBW2L5mGNEYVEYMY4C0AarJg3/CoZJfWHh8puE3RwkNqGo6vBihq9Y8LDPAp7jOGSx5TYy4k1VBeXfg1uBrqdUNnrRCp82bVpHqVR6lTGmBL5hoCZw+b4v8FEL/8kE5FjgYEiAAL9Nq2JK09TWgxX+APzhv96oma0l2a+TAYZH0+pVVTsWymf7kCcMR4IW28+EqmoW5VhtXWawPkPVVv8Y3xJxvLzroGy2x/q0zBlnHubDPpchsBC8Wc48ylRd3wemN6TWWmYdyg/DGEalK3gyLwRyEazpWhXvCnJAKtlLVUW1RdgxsEDxDl2zPxlPFlI/PCCYZt9I5GO70KEyf5yT7eNAuXxgqdSpvpeTBnzhqiocF4GaC8WGlnPD0XCslqAlXN6GpRMjZUbTzeeCV8WZqpppnxsri4t9qerwglXN4ulwHpnSNJRc3l1WCfMPMj1Z6cYbb5wDq/B9BEyAm70t5iYlmHOh4kGf8Ms9BB4S+VjOMlKmF1XF4ef+EOkUtKnL6ejomAnwfhPrk4Gbn3GG2PzCh6f8oSuCF9thmLVBEGOaRLBAX7b48JTyN0VwG/GBoVIGx8tNyz4Q9KAHYZ6qCvskI15Zmv1RbR1yWZz12S+yZ3yMb47IQ8rKOTbG2TbHzTj7w5BlGS/7zDaZvyVif1juuZ7Q2mZIIHeMI45xgTsA6BHv5KXcjJgW66qRoT0hrZciALE/WV/ZFol9w9wKQnBAOFjH8ZUeeujri/lC197lwbqEcTT8MxvZPG6p7xxvpitokuPdEvu4LDPjslfrO6Wu4/nquMInzqoqjuMIlc4HlYKX6pDe+REiEPO5MFUJ+Kk4opJETWk0KzctXvzNEFUm7aWqz4duZnH8GSEPukuE1iE/jcHBs4wheIVxhuRjOKTfi8G/2U+JzJ49uxcb5M2oO4X8rEtinHJRZh+eMk5iGrxCHm4augeyOKyntblc70/JNxrCA9Vjms3oDBwAthoBPOs/+0HAZMhCtskwI6bJy3QWjoyzb8zfFJGP5SSOSYRbyGBdenDjYL3BH+uAVB2bzsqzMIoSiDDSChHdysU+sC32mcDN0Kixe4BljI8k8o6kTDwA2dYxRm2WtgK7NphBuaqtTOpOtRVn2TgnzeWC6Y16PC0I+F0d6jaSGO4mwVg5LuqpNQbqTa0ebL4kdvyteRRFpQkz6NZ4Wu9cga3YuHxfqHGiOc4H7gY36KHqZvQNIM8YVVWMI7TIGiKT+wevrrrqqm4sxvfDOhVawgQ1H24NLmCGdG3QPy14OTgIEQwvZlqtXNSoD3CJeBvK/5/JtQHtkXM98RMp4O+AzHfQwiRRXlafcVr8S5cutZXAa0NV7JE4FtSzD0DZL94hIP395csfXGWZRrx96UtfCkjg23iilX3o6Oj+AsDGsF1bDWvMAAAQAElEQVQS+Ox4MhGqKhwP+0NifCSpqqhummTEi3U3RQRFEssoV1Vte6oq2/6iijfNnY1HVTfo54bcqW0za19VbXFWlyEzfC9n55XxOE7F8xzhnmpxM3c809b7FsfJHuDKcx3QYFhPoVAHlhJdH8/AJNngRjNNNE0gZ8Jdm19F42Ao8+dfzf6t91Olxj594KdQHCxYR0Yuw1SQZf3kihM26z5vCx3HVLdkWWa8EzmEe+NMVT2c4yWQ00IlmBNo6ELhF2542zxyjFzcDgA9y2cafu5rIeO6uXPn8uMP8Uh+xo8++miwlM6B7A7KZn3m07pmfcYvwgNNbiSWEeRZxjT6JwwJOuTDpgtT3/0a4yPpZz/72RE9U3u/M3ff/S+56OJfXXnlVVdf9rvLLv/NT3728x9+7Rvf+lT/YOVr991/37HFUsl+fJSHQRAEQsKhYA8K9o3EPrA90sg22BemGZIY3xShj8Obn+Uc40ii/IzYRkaUOVrK6rZCFwBNMghBjoghGSMO5szAyrSh64g6AsJWQR6tT1KqAj9IKnxZqxQRA14/F0gYYVpR7gDMkW0vjslGJtYbRrEQ5B2s4uYUiuCduEIVMoQBHBcJk4gssGJ8Ng0At2GWRoi6LYUhPpEuO9zx2uGVK6cBr9VLuSJHdFK1NRmqrVCwXMVOWiLMUs3yxfrHavXK6tgkj44QMamisMJ7sSA/DpIWABhreRHMaZHDVy733XefHTPLCfCqLR0RVFmPQEuGcrlM/3Ty4IMP4u6FOesJDzT93t7eXcH/D8wl+FM+gY5yCaC33Xab3HVX6ycwCDLMw6FA/yrmRi2Id3Z22ttYPNC8YNWTT27wnAJjcadMmfZPe+2512s7SqUX7rLLnFPhB35xZ0fny/bcY8/XH3boof/8wtNOezu/vPO1r31NvvOd78i3v/1t+da3viXf/OY3hylLs/y73/2u5WGcvCOJfKQsjzwjiflZ+ciQcbb39a9/XTZF3/jGN2RbiDIyyvizNMMsLwuzPIakL3/5i/LlL3/ZEu5chPTFL35RLH3pS/JF0H/8x3/Ip//7v+Xj//EJ+chHPiKzd9lF1Bg7F5zHLVBrkWyB4bktIoAvTF3Xfx4ObJfrjetQVbEPWiQWG2RbXkmayiY/TrstlZ9LnnEN4qNRjNFUrAUOd0pq74oSHL6pVKsVCXLBfYsXX9g/GnkTiRem8QtVdW+CaYqVyI+6BbBMOQZYzEJfOMGagMs8EhY9A0vkJdAC9B8GsG72yz1oJwcAPm3lypWz2BYt4OxAYH30wfrCWcY43B0WrNlIFucmo1uHGw59fdpX7KvV6ADM11msj/5gMxpL7C/4LfBMmTJFdt99dznggANkr732soQ7B9lnn31kv/32s/ksy2j//feXrVHGOzI88MAD5eCDD7Z00EEHDYeMs4xE/iwcigvLM8rqby486KBDIPfQDYh5Wf2RoZVxyIFyyKEHWToY8SOPPFJa9Dw56qh5oKM2oBNOOEGOO+44OfXUU+WUU06Rk048RXK5nKR4yMRtQj1zfkjUL8OMOGdZfDyG8+Zd4hx44AJPxTnEGEf44hjSFHcallIxqpZUVVRBcKsY3tGL2Odl5EcUV0pTcUI+M5sAIG5EoW6B4mWrLwJ3LJwYAgnJGJMMDvbds9WqE5ThmmuumYZxvsvBLTatXgI1Q4IrLeVbb73VflKE+eCzuuFQoRcGG1C1Wv0cAHYAmSnoadfMmTMDHAbvBJBbNwY3OXWtqtbS5heJFi1aNAy6bI887BuFZX1gGhb9HwF+NzM/I8jSjo7ChxGWCDRr1qzh58dtWzwk+PlrlFl3CcfGwwr9scDO8W6KWI9Efrp2GG6NMjnkY5xjIDGeEctIzCdl/chCjp19zdKbC8m3ubIsnzwjiflZelNjyvrIkGPnXPMwZ3+ZjsKkpXLMWysyMd8XL35pnM8XdlXV/UECdwjWNwB8eDhD4xxObz4y5F1pW+KbV9HYS9S06qZGgeNOK7HROydPrDulVZBKLIpZgRmIh3yVEBbj4lbJ5HsH2B0IK/V4bmyOjhs1AxX4ye2Xe5hmGTc+Fzs3dcZPQGU5APIxWNo/B98mVz4AyQAwDgJw7kcgwDMGC64E5kzexRdfzIfI2EgpNpRClAjL2S4TbIftM43wC1dffXXEfBJcNc6VV155SJREZ1M+3DotizFNLZDTKieoo57goLHy0Wdh28yjDPQRU55YUOf42B7zWU4i76aIOhiZP5KX9SmX4UgiD9McC9vKiOkdTZlsjieKmnCVNSUMGzZM0kjiJBSGlpJIElAKvZFwMFtdwfDGQevbAxD7AXkutkxrjjiOjYl1N84bf+mFiSvO3q46HueQc2JURYEFGSbQKieJxQOsS+hFQRxLNsYsRF7bEocSdug1fXrRwKWVrhea4UsrtGCtWalBJCNBtQRggjnRBHugyd8AGeYE46S4rrvuug5V/SiA0n5Kg4PKwIiLmr/GB2DE5nWhi9QCHstRBwAQCXmgHCGh7g8GBgbWItzkdfPNN/cASN/Cujg0hNY4QYXyKGfVqlXyl7+0/uMd83iYkJfWIMsplJuFBJfNHXBv/Al5nDBZsOACns5+FCWvbTaaBcomH4ltUQbltcBH7U8poK49MDLAJC/z2Cbbz8KNy8mzJaKckcT6I9Osm6UZZ1sjKWs3y+PYt4cyOVlI+SS2zX4wzNJZfGSaOsP6YJGdc8qhPm1d5ZawU2DLJ+JbquaoWFJPhOMAXACgObbNEZEhhR8pHeLLxqwiSZqadVl6IoUc+bjt78qVlQS+7kQNAAhQjkAUIRSO0zYWY/3fmEJMiAiGkrqSxCpGXQAUzuM0FM9P1kmjzN+nRk2ZVC8A3J5Ye/NT+P9ofdmPjiFer/NH8R256KILh8dLoObCzUBJVa3FqmpBcQD53x9m3ijyhz/8oYjNvzdA+ywCUlZMmSSm6Xen9cx4lsf20EcLHvS7Z3Xh7vny1VdfHS9YsEDJf+GF58Yom+q47qvIB4uf2fbgoSxVtXH00YYEITKotvKzOEO2mfExJDGPxPKRhDGJOlg3Bt3YiFJkZQRzQGJs/JHhcBnWHhfWSEqG8kTRPzQ4soxxlmeUYr42JoEliWr2IgCz79C9nS/H8cQB0bIWMXY/OIqHlGFk43i6JykKOSzXQfuwyiNY7Q7itE5VVQweagr6KHipKt6NJWNcG6o64GEcyXF+JeId4/k5dVwfhpsRQd8V48jGYEStXjIdJ8QMAElqRFKEiRppfXQfBUk0KBPwhaGM315Pn74qgapj20PomCEBXUYs8hSuEy5yzAiKMWGcREwMF6xoBABp3D9zrtDCVDBMmuuyyy4L4ErhPyX2aKUSLOniIGh1dXXJk08+KfzWZDZgVRVVFYMNTAJoCknwglviJ3Bh8Cv2SD39mjp1ah7g+lYASYkAyzbALwQYALLQCuc/fmA/WJt9UVVGof/ItsN6BGT41Z9CvYtRmF544YUxQn6Kw/NyueNVdXfK43ySWIa84X5n8ZEh+TZHI+uzzsZ87A/HMpJG8oysT51RRkYsI43kHxnPyjbmZz7zKI/E+MZEnoxwd2TnjBY1+ahH9pdzxzSJ/m7o1M4HDzjqkGMjL+WQh8Q4aWQ8TThPLRhg/1nOkBRFTI1fOvzws7pF0kNFDM6kdJO0+d4DWlDIOaA+czk/dfOmbYlDJzv0uvrq+QksF7vRNxA8IsEFuTGxmIswSaKkUh18dAgsIIolk4MA1AdgjG/kaAia3NRcjNzMTPN3sVeuXM3ip9FIfQHABUDxtE+JZJXoq0b5LgCE89Ce9akSJCiDgMHw2muvlXvvvddWYRpgbzcUM9gvAgrjOAgEPvXP44DhocqsjLyuUterCUYcA/kYchxsk8R0RiPTbI9EQQw3Jm7SjNiXLM6QafIzvjliW6Ss7SzkmEisvzFRVpaX8VNGRuwr4wy3RnBhCfVA3bA9gjnrUvfMj4FFfpCHL0CFceqefGyfemTINhRvRlUyUlVRwcsaRxCCKOUiEFUFcbtEfGPWuKR8PrcndM3fzrfrLes/O8u4JRVJQcwjMY9hRtQjjCHB3WuE5wdtSzxTzI4LF6ZJmvaluOXcWKZqa2YwiVhwOkzkS9MECzrk7Wcz5+fuYt5ko1mzZi0AsJYIEqq4bU5T+yCQ41yxYoXwnx0UCjkmhykFD/m5yRkyraq/hQW9WR3l8/mgt7f3lQCHIutRGBc+DwvKoAuFrhTKImgQGMlDgmzOwTDwY64qODR+zLKR1GiYKU899dRh9IWDx1rvlId+jWQbjrMsI/TL8rNvpCydhcwbSVm9LKTQLM6QY2JIYpzjGUnsH4l5DMmzMY1sjzoYSayTpdl2Fh8Zkicj8vCuh7rFXNjfvuHY+NCauqeOCEKcExJ52D7rsV8cR0bMy9phnMR0FmbxrG3Mcciy8UpRpMc5jlfI+r2pfnLsm8rP8jBGaTRr4rim3NWVq2b5Eyls3UeN3x6nqvH6j/1Yq0EsYMuI14aTmAyXpwBzcWWzboIRIiZU9NZbb92jv7//7bSIueG4kTkAWmbUBR54yurVq2Fd1J9moZAvI/Kmacp/xJBlPS3cddddeyD39SB7W0+AYHs4QCw4oy/CjxZSFvMJHBsLYT4J4PMNuF6Wb1wex7X9/Zy/EmOqkg99Esphm2xvc0Qe+qpHUiKpjExHSbzFNIrxHAXWGtwKKYhuuSxkPGzGklGzET0tzj5sibK+kycbF/OgC3v4EHgzYt7IMsZZRn3BSrQHYqlUsnNKAKfORYz0lytgMXjQGwGQmhLDJ65wm2EjIF8sPw0hkqbYH0MkMI5snqZgTcGbjCBEx/nleMHJxnECddbDWEsnrY5nceq9ldN6H5mOIugrhsGX1PvxDG5LIN6qPA7f149+HHaOXUoTHbrFSbHQ1BLzpfVkAivU2A3PiSFx4tSQV8gb1SqVh2U7Xqefft687aj+jFTFhn4hrLNeghzBwWDDctxsjOlf/epXAIgYmxfqgfXNfBJ5SOR3HEdQ/3r40a9j2aboqquucgEkLwTw7s56JOoY9SA/gvxU+M1Jtsn6LMviWZoh6wF8QrS7SbfNPffc9ZcnH3/sHfVa46Vr+ta+bM3qNa8arAyeu2zpsleuWrnq1aAFK1esfOWKVSvOISH9BoRvXLF8xflrV685f82a1W8jrV6z9q2kNWvXvXXdmrVvyQg8b1m1eo2lNatWv3nlqtWvX7Fy1etWrVj5Wsh67epVq1+H8HVrVq9+A/kg471r1q5+H2lwYOD9A/39H+4D9Q8MfHiIFg4MDlpCnX9fvWbNv61ds+ZfV69Z+1GE/4K8jyD8MMIPPbVs2QefWr78gyuWL/8Q6MOkp1Y89e4Vy1e886nly96+bNmytyxduvS85cuXvwrxc5966qkFCM9etuwp0iuWL1+xYHCwvGAl9PDEE4+9EeV/jwP6A3BLfawZhp/EreqXatXaTy75TAAAEABJREFUT6b19l4zffp0OyfQsxD8MXc2zTkYSZyPLM05G0lZ/ngP5817aSEMoyMdPORlXzkGhqMl6sp1HWBFsuLuuy8cze/Zj7apZ4x/3IO4atJIAdNb08D6SUzXs2oyoL67Zn3G6GILZaGJQ++c009/fXF0NZ85bjyszHd3d7+RG5FWKzcqAZlp0s033yy33347Nq/AvRJgceomiYsX/PyKfW1zvYWlPwXuj3fxdh28FhhoLTJOIF+yZIl9eMo489iPjWWxHc4NfLo/hvX+2MblTH/zm98M3/ve995+7rmv+PMrzzrrkle+8uwLXvHyl1/4qle98qJzzz3nF6BfMv7qBQsuJiH9I4Q/RN4PXvnKV/5gwTkLvk0695xzvpMR8r87kl71yld+l7RgwYLvIfwx6v/k3HPP/Slk/XTBglf8hHTOOWf/6JWvePl3zzn7ZV8+++Uv/yLpZS/7uy+8/OUv/czZG9J/IG3pla98xccXnHP2f55zztmfWHDOWZ9C+F/I+zTCzyD8n9e85lWffc2rFnz23HNf+T8LFpzzGRLa/ir6/vXXvOpV33rNa17z3fPOO+9nr3rVqy549atffeG5556Lsb7q1yj/Nfr2K9AvzzzzjF8i/AX6/sOzz375NyH383/3d2d+8ozTT/vX66676gMPp+Fb7rzzwXP6ygMfUHXE81rzznkRaVnXim1hRMUaODRySErtt0h1fUJVRVlBxq83JU3NvHyuYwbXl6pilEAJ3IUlQ8Q1R2qNjlpIJVVZT0PGTRQ3pVavJGHUeCrjnWihGe8dxu0evy7PlbjJrnISSaoGwIWJwuSgDngTpte67iDrIz366+r5y6aYJH/C4GB9s+2PXur21cDCPA5uh+MdWNKUxLBeX+9x4hdumOc4CndKQ1R1mMiP+tQL6cFarbbZf8SwcOFC4/v+oWvWrDmK/lgeGKoqyKMY1rd+dyYI7LTAeaAwraq08m27TLMOyr6AOKAE7+1rh2hAgbSYp+i9Z57ZuM+tDTz11NKrMA+raYUjFBJ4NmiL6YxYkMWzcGQe4lv8UAHKn7NLncJpUaxBKmrXIjvCtc2QxDiJ8c0Ry7k28VAzcb2UH0PeHOu4zjfjunfsnDH8JAMWUyLGKGh9lwlWIxcqFyLzGKYSC6yOZfX6zPUIJ6N7aeTs3mwmc7u7Z04dXc1nhhuLzsC6eisexijH3Tq8WiCNMnn00UeF/vBGIxwCURHysTcAUZvHkKCMPLo2Nqub4447rhft/DutcNahfLRtNwzTAHf53e9+Z9OQtcFFXvJkmYhfgvidoBjUvp4BDfzHuec2Vy1bt2r1qlW3cJ64Njj3PHxxNyXcF5gH3J3l7JwxDXvH9oS8LFNVu784f8wLx68hjrvC5AWel/MEL46TfVZVu96ZFmAFLW/GWQa29WVI2DJgBA2+OGnUo6g6YX+aYz0iYmDj8YrjdGWaJnGKFZcR+6mqDOyCZL4IrfBkOJ3g4U6axNtzuqpr8kfWKlFnVEtn2sae47frr79+H2y2l9F6SDA+btBqtSpDoCw/+clP7EL1fVcI5OwuNyvqWB5uTObBcl7uuu5PEU9Bm7yKxSK/Xn8idcv64LcP1sjM9q+44gph20xvidBmqqpfBM9m20JZ+xqDBuBecVCttREQueOhu8KVK1feWKlUn+B84RC28851gjm3QE4rnWuC88ovh6m2qqu2QoixF8ttZBy+7XvIS/dPxd+fD6XTVIf3/Miusv+kkXkj46oqqmqzgsAPm83yJl19lmGcv417EDdJuC5NgVhQZJpuGgdU1U6IqoILcI6n7kkSRaAnF4/5v/ks1CR2jvD9DkeMTrGCn8M3PmTE+M/H5izCt2w3JzcjAZXhE088IeCxQMsNa0yrs9y0QRDAcgnhXqlbSwzpn1YqlRXgIAgg2PCCNd+B1wcAwKKqdvNTJtshoPOTEXx4KtvwAv8lqPvnrbCyt0ZENheynyPJhbyRRItsS+SDf3toZNubio/sC+Mj2wr22GOP3Ny5cwP0IT9t2rQSwu29FPLm4PnIrN13P2Dm/vvvP/Woo46aufaJJ3L3P3Tfg48/9tAfOUec+2YzwrzjeR0sU36KY3CgIsVCh6SJYk3Edn5VdThc3zFOxfrUeIp5ak7M50qlJDWCPWFp4/5l+akCD0jpeuxQ1eHxNhp1mH9JLfLixzeWMVHS43emhjSYGLNKVeOhpA2QtiEnKosztIQHNrZQJEnSuPXvZYYyRhPMn/+oL6l7aBSmfm2gOmc0dZ8JXgDhbIDomzhGAjdAGA+wiFtiF+Qf/vAHWbduHQadgMS6TgSvFIsXwC+ob/n4KZFGo5H9I4YN9Ap2e8GC64WV/SK2RSCnjATnKADZtsnfSHn88cctuNsKW37bDXJ+DboU/bgSFv41uL2/FmO4vqura1Gx2HFTR0cnqOumzs7uGzs6um5E3t/y+SKocGup1HV7qdR5O/JItxUKJUtI30YKcrnbcoXC7RkVioXb88XiElKxVFxCKpQKSzZF+QLyCx1LCoXSMKHdu0B3kHK5/B1DdBfCYQqC3G1DdPtQyPStiJMYvwVx0mL08ZYVK1bd+tBDD9/S0zP17r6+gSemTOl925ZVttVSf926/l/Xao0ltfrAg+sGq/ctXbZyyXXX33zHpZdc+uMvfPFLb/nQhz4k73rXuwQPjOU973mPvPOd75S3ve1t8s///M9yxx13WODL5/K2IcyNDTfxNm6eBY3sW6HQ+XIsx8BxPIyjZYmPLN9cnOt4ZBnHjTUpzWZtTVJsTshva3I8hm/jmRzHlKHsmGCCcBNdNQAnB7T+dFVDNqBXqitFFtoUc0ZDjYZTSFOdhU2ItRLsMpq6zwQvQO/1AL8Z1AGtLIChdWfQ2lq1apVcdtll1oXCheq6BlZWZLvBRTo42PqUJkEY8d8CxDf4RwyWcejtlltu8QD0tPgD6pzgzTYoh7KZvvDCCy030zayhTfwHA7L/2WO45yJg+T5oJMQPxHh8QMDA8fW6/Wjq9XakbVa7UgcTEdVq9WjED8M+YfVavVDy+XBgzHeg1BGOhjlJMYtNer1g+rV6gEZVSvVA2qVyj6kaqW6TxVUq9Tm1qv1pxHqzq3XK6Dq3FqtktE+iO9HqtdrcClZ2h/xYWo06gcP0UEbhcxn3iHIJx1cr1cPhqz9Xdc5uL9/3R7wwXYPDPS9ByprncCIjOFq4JnExWvXru1cueKpwoplS6cuW/rElJUrlnU+tWyZ3L1kidx1553y4AMPyD333CP333+/PPTQI3LffQ/IXXffI5VaXaIklWq9gaa5PVqkyn3k2DzMG0JhguG4oQMOOGlWGMYHB7mSOF4gPGVSVds/VRVVHY7byCbeOLaMkjRKXcc8dPfVV5c3wTohsjh747qjuB1craoN0HA/GSelaWonjXEW4kEmA5sHAIpwUI/5Y0NT81OxuZvdgjt8WFWbAXHb3DP+duONN84AaL8LwAZwDu0nRBgHsAsAV37/+9/LI4+0XHpQie1PFhK4YVkLgFRwCEg+n/+SZdjMG3jnwIf6NoCsbSerT13zG5V/+9vfLDBQHgF9M2KGs9km+0p5rNNoNOzhk9WlfBLLGZJYxvYohHObEdObo4xnZLg53k3lsx7zGW4rbQs/xwOd4+6Id0iJ1Sl0fAjqngEa64V9m3wdB+saLHbBWheF/8zzfcEBaO+WVOkuCW277AMPYjZG3aJ9y8P1Qz2TWMaQxPgQ0TU0FB0fQb405UWu6/XGUSLAhg06xb6TskzVDa10Vc2KYMGnVjfIaNYb1fsRTtgLi2F89z0MdQDWS4WTk9HIHo/MY5xlqoq1DRdM4oz5dF2zbu3+Pd1TcL+mIqnZlXKfK8LGfCk24WzXdS0IEBQdx7H+b7pQ+LFC9i0IWsYdngaI43ABi93g3LjcyJ7n/aGvr28ReTdFtMIBsi8D7yxucLQLOQ51aRd9FEWStcX4pmRsnAfL2QJGlo8+2H7ncq1PSWT5G4eqattVXR9asBqRZh3VVjnjWyKujZFEnWxMI8u3Jc72NubDYkF2Okx8eEg9QqeYC8HdUg0HcQNjkw+AaawXDdC1mINvSBqL0h5FGDbrwjWCtTI8b1wnqtARQN71sD4QDzGPpGazKfSNW8pO/eEeWWgYdyDeqEdnhmFSMsbF8x26g4xwDmL0n8Q4STZ6pYqZATGb5STOf7lcborEtzN/opKdqfHc+Tvu+FEl1XBlKrGdLAAquotu8yv4IOV+SVKUITtFPgJ7aRJqIPAjLOSCt1mjeYP/cp/Bcl+Qy0PI4MCMefPejh0wGgk7hveKK66YCgv2H7kZCQTceARYLkJVFf5m+IMPPoxNqwCI1mfCkC2qanXCOuQfWrD8in2LaRPdw+GQA+8/qqo9LNgm0gJXBjZMTh577DHBXYGtSbk2sg1v7CvBGwcEACxEXx08bKsD1Mxma7MOif3OiOmRFVSHduXIzBFx8quq1YWqDpcwfzixlYiqPq3+VqpsUIxbf4xXoU9XCLBxnCLt4K4ofxIYjwWN5TKoBIDNfwky+0fOBYDdymfIQ49j5TyC3z4XoS5VFf3xRQHsdl9hb7H86eQWnp733OXMnXvSNBh1x5Y6ekRdx65LwQFmxwAQVxxkHC97ODLM4uRlGUPmsV4cN0LXuBMKxFtjWP9u1kfHbyyfk6fSpCFx1IRbICdhMxEuXAWCx0konuOIq640a6ENYTviVimqGlOvjXVUUVyZm8+rqyaUNNXpUwPTM1ZZ21Pv/7P3HoCWVdX5+Fqn3HPba9MLDAMzdKQNvQ7SVESxQIzEbjQxSmJJMdFf0CR/kxjFWLBhNCY2iAVUirQB6UX6wAzTmf7m1VtP/3/fvu8+HsMMzDDD1HPeWXf3tfdee+9vr7P2ufcB/M7BYjyC2hUXJkGVYGgmYZrKd7/7PQOwBIdWPS3wxsGPAUmUBbj7AI3iHyCzW1p5Nv2Juk5B/v2Zys2CC56EeMOLh6fQXJhswsYz5kNVDVC1o9hG+tlutl9VDSCiHYzGGCUIpy9JXHBtwhMZxoKb+RiSdNN/iiosNUs8QQ6S0cbgF6a1Cdle6mYf2rS5fG2QZDqGxMxRumIqErQZ7UgEczY1cuNY+X5oi8ifg17JnaBQLFJbh/H6CvwGlOlS849jrAOci9ClzJIkQiNisbBeHDyh2Vj1UeibMNcQ04HnQj/Ls4zvN7AZpGwj2e4a5JbeVChPnACTviQYTNdzYdvn+oxFrZF5lEI0fPdwhNgnwSzg74iT4jSSKA4wFqEoNi/HjvtVX/kLELuCYDCcu0IzXroNQ0MbnsXhUNzR0QF7ahNAkTOP6BZmXtHLoXBigKpc7sTEtI0/DP3BwspBaOJI3sr79a//mFfHYRgnQBD4WJReoeH7O/wNFRxWdrqu+1n2k3ZVum3zBDQw4Vfsly1bZrRadpFxqiqqyqAQgEmqSlspbeFNk7CJD5hScJCb/gecf70AABAASURBVBn5sx6Woz2bYfLl4SlNKdxECFpMV23VQ9MIyxDsCNjMTz/jNiZVNUCmqqadzPdSpNrKp6qyyYvxmyBVNfxVn3dNeYSRIG1SfT5ddev9govthwOWCuCzR8cDY2f6ShmoqvCi3CgjlsET1kWImw3a6nvOnDkOClk9PT0/xFlFhRs7x4WbJceDdXCsWI+qmnYxnRso49gOhjnGgotxcIR8WI5pyLsLgfjlluN1XJKKm/fyJdNOrHEjcyx6sQje6IABc4C2qpq0dr+4MdEPyBAbZkluaFEUpGHYWPToo0fz/8qi9O557xYg3lXuWmM7GtK2iIlvJO3YOQxkiMONwIAV46l5VCoV6erqEse1GjcsuiEwmbfyo/+5Dd22letJExuL0Ibmn3phpK9osW1l1aPZMeEUi/NUAOLhqq0JqaqCMDcV9N2Xn/70p8JFy0IECi5MUjtMdwRIlmFB/orhzRHSD4QM30AAYB7Ws2HDBlMfF/XNN98s69atE4ID00msk/maY772z7zMo6pmXNieNqGO0Tj0T0jk8VLEPG1inS8iqryboHaZNIEOPkKoUDam0Xzg8Ur87D/7p6pGsWAfKUOC49inmbF5bDw5si70pRMH03xTBd6tuy+88ML48ssvlwMOOGBNd3c3/zcqupYaJqyXHraF408/4zhXWDfj2UbG0VTGPrTHjcoCgZz5UG6nmBBR74vuQ4988LCcWzw+l8ubTZLtZz/aGSnPUdJWLMP0JQin0NxJqoo1bRlZoZ9+zvMeELkc6rvstpe13Vv+KjAcqgw8jUkWcdAIEJxg9XqDJgKz23KBcMBU1ZgWCD5oBn8zpTWrEdiau9zTPdl1C+NwgCLNRiTlUlfOcXOHjfDAlBjxvYrODTfcgPnl/QX7ptoCRPYRcjC1LliwQO69914DspQH05iXiapqJin9XLiu6/4AfsoDzotvlFXI9TJV5WON4PATj5uxefOFADs0NCS//OUvhU9CrIM8ufBRbhTUUZZvvphNtV0DgYzlX4rI76WozYsu6xhL5IsJIJuidr5NpY2Na+dru7LR1Y7fnAu5jYICQbFdvF6vG3mxjaR2HzlWGA9ThvMZG+A7UGYGaItuALfzb//2bx1dXV2dUGo6Dj30UGfWrFk/wmYQso3tujhPyJ9jxTiOF13Wj7QIABYTsDlG7APCgngzfszHMPK+ovWzRR3ZykzNZvCmoaFKVwy4hbKBdjbxdNGa55RtBE2cLonzki62bxhMnu+CieOGnqYSwdwCTT4OguqDW9mUXS77bgHi3R3dq5MkHZ2kKraIoOk4yOSCSDAwiDDAleJRqlQqSBRHIeNeCfX3DU8MA3FsyxMvVxRMHq+Q7zx4hNfzs2Ik4tVwoF0dhcV1LhcUJ2V7gXJRkqgZs9/IYwCXedgOLDxglJo4hkulUoLFbDQ1hjdFd99991RoNm+lLLl4ubjpopzRnO+66y5ZsmSJ0B7OBUQeBAXWz/Zx8TMvQEUOPvhgec1rXiNHHnmkHHjggXLssccaOuaYY6RN7Ti6J554opx00kmbpVNPPVVOO+20UTr99NOFdMYZZxiX/o1pbNpY/8b5Ng6PrYf1bgmx/SxHXieffLKQTjjhBAG4moM3ypSy4rhQXgR6upQbxwzuJMjzgyBzX3zxxYUPfvCD+3zhC1845vvf//7r8LT15quvvvoDGO8/h3ntr44//vjPgD530EEHfRpy/jBkeuGZZ57pQYZVjgF5kxHnCF0S62HaiH8D2vAVjNlXMV7/gk3k82jD5zGun8dcuhz5Lkf4n5H+BfifYpmdTTAduWmae1NP9wSrDuWN/UFbzTw3WjY+GBfjvIOLMwFIQ/E2AJ4yTYAVaiNVJEoTM6cFIbWSIctS/qbPzu7iNtWP3m1T+R1SuBbWVsN+tSbBAQ0mF3bhCOBagJ23acwKBG1OWkw6wWRkm1IV9el5JTR14vQZgZ/kcm4BE8WGhlmSWqNx0Mknf7zwSvhtbRnYp13047NY/DmCABaamXjsO8G8v79fbrnlFrRNX8CaaYygHOiyLOTyA9/3FzO8KYJmhzVrvRVp3QRpLgYAutHwsdjNxggQMWGmtXmzTShj2sB8rBvgIldddZVceeWV8r3vfU++9a1vyde//nVD3/jGN17gMp5x//mf/ylf+cpXRonhsfTlL39ZvvSlLwld0lg/w1dccYVsTGPjx/o3zjc2zHybItb3UvS1r31NvvjFL8pXv/pVoZ/9IlFmb3rTmzBXAzNHKR+OB0GWAERZkjA+fHr8MJ5yzI+sYaycKVOmXDht2rS/xob4I5hLfgm791UYpCtR9oqurq5/xBh8HBvt38ycOfPfDjnkkKsg979/+9vfbr4owM0Cec240eUYsT7OHYbB30M7fgT3E0j7DHj+IwnjSfdziPscxvOzoL+HfwFop9/LV+VOSRP38FQcGdczAedidSl3FCUIm2b+pZYKFvxoO1NLBdgtKcA7VZpOuE4s5LVBCnBPkDcRy0mWdnX1v+JvdYPJLnFbu0QrXqYRU6eGw46lK3O2I81aHYcYYmzBbbCp1WoCwDMAXq9XoYUHaaGQC16G7WaTe/sHJ1uWw3+IYBYgF4ZjuVO8pGIW2mYLbqeEer1+YBiG53DhkyUXOxauAXLGEcBpMmI8w+w7XYaZj2VIWKyCtn8H/hS0yfucc84pARA+MpKXgML/gylc+NDihV/uefTRR83kbz96g6fhRVBgnQyw/EUXXYQNr7XPcaNBH4z8ABjGBTAYl+G2v+E35aXIxyNRgIcquk0cMrfddhnyAgAZOyldhl+OmK9NzEs/3VdC0GYNYPIsBuNGeePJbcg8Cb3lLW8RmDlMOseFMmrLrj1eI2M3CUD6PspxeHi4AblGAOjXIG4cxkHJg/kmTJhgeJEHeVG+SCvg7ORMaORH8ykAZc08IS+UN+uCfsobvATpHXA/w7jdhXrGTX53ubOn7PuRebqxc65xuTGxD5yDpASwHQsBmrEtopz5/niEp3X6GZu03lBpShI9Mm/evIhxuzPtFiB+zTXXxK5rz6/VK6njWMZ2R6FjXLBoXExaMZOVE5UDC0qxGF7Rmynk29nRNSuX8yzytyzB5mDq6BxuROb1O+Z5NQla+GXgn+fCZ5+4WXHhNhoNPH005P/+7/8MqCKPWdRcrCkeIRnGIoVMbJOORX4byvwB8THoRTfKKAD8DajjUNbFOghoMOUIQQLx8vOf/9yUo59pBBPWRxflCQomffLkyXLKKacYkGY6NEYDZCYRH8zbJgRNu+lyYZHYbhL9JPrbxHCbWGYssa42X7rtcNtlHInhNjHcJsa1/XTJe2OXcS9FzI8xwzzxDLhwvAjoMAPw4NGc3bAeEvOSF/tGeQNQjcywQV42e/Zsj6AC/9M4lwjbMmYZ5sV4sqgZG3qYznFhOvnBFGOUG/rZBuYhf7atLb9cLkfZvwlpx4Ac0C59zzjonAOCIHlDFKu4jidiW2bOURZBFLEvgO1UCNSUAylOCeWxMZ0gM/IIMCKBBt7SZVIoBVHkx0Hk7/b2cA4eIIrOrk9x2HxSNWlGGDjRBNq4JY5aBigIOBw8TnROVk5s2EI2CVzyMtfcuXOdNE4meJ6nzNrmB79TLJQOhPuq3vfdd99k9OMCVsK66ZKoJaJNggNP4Y9Psc+MF7EwQemzxLZdgLcNmaTY1HKIV/7nnpSpm6KHH364E3V9gvVQZszDOgjWFnYv2sFhLxfWxTwEIYI9w/SjrNHYWeb88883B3lsJ8eC+VimTeTXpnYc3XYc6x5L5LExjU1v+8ljY2qnsXw7rV1PO9x223nptuPobhxuxzF+LC/KgPVQHnQZZh5sjpB/Iu9973sxJiqMp0wEl+M4wvzwGtnSD1PWvniifDfj8JT1CPIu5VwnT/hHeTCdbSE/+h3LFpy6SxO24jNOO10OPvAgzAiYE6JYVMT4owDHQwmmATb6oOmLazuua9kfR/Iur4VqbL8lX+yc7LqeJCoA5NRsVLZto/mtMD2USaoqKfIwTOI4cS67Xs7IuSVHEce1RKyoJnH9Hubb3Qm92T26ECb+A/lCrgHcBkjFptHUlDEaxr/Rh2IAW5k2Sni5YK5/Xy8RnSypZSZMziMwpgQoJw7jI16u/HZIPxc89iEIqKqoqtG+i8Wi6Tf/EQPShaCLPhpwYJjAwElK4gRP0+SZOA5uQtpmFyom+CkAjhNGtDOzOKjhoIy5+V44gYTECPJlnayDwMN4xrH8RRddZACdYbaF+VOAxqaIaaSxaQyPJdVW39txqtr2vsBVVSMj1U27bGeb2u0eGx7LjO1hGt02bRxu51dVoSxUVXiptlyWYz2UI8cIB44ya9YsM3ae55mnSKa1y9IPe7gZY9d1L4P27sJE0oAm/1vUzf9LOloPeY8lVYAWZNyuj+Px7ne/W+IklhDaJn+lMBX8IQ/b2CZVtFX17QgfDtpl79mzX++ldu7SVGxNBG0ebWlifC1ZIB5rVQRQptiohGmJ+WS6V8gb2VK58BxbLGB/pTIshZyzyvet5wyj3fzD2l3aH1vWMt9vDAUBTFk84PQco+moKsBWX9ANVRP3ikC8Usp5lqUj385MAGy+JLChNZuBk3O9g/HIimnwguq2W4AHmljAH0yx6EiceKo6+jjOVwrnz5//gvq4gAmiXMBMoN+GlqJqUQuvERQYP5Zw6Ja78847J3Z1dV+uquZxnmUAGgIgEQLMypUrBY/2ZpNgW0jkwTx0mYd5VVXOPPNMweEbZBUamzrzsO3tdFUV1eeJ5TdHqs/nU315P+t6KWI7NybVFl/GCw7B2qS2JRuT0ezG5GnnHXU30RHKim3i2IwbN07ehANOZoNpy8iBciF4q7bawbwEeDxh8Zu5b2be9evX3wSTIDbiWJhOnoxXVTqGVNWMD8ee5ZmHb+PsN2M/4cU66G5MzIe4giXWR+Husnc1rL9WrdwhYjnCcUgB5aTnG2yNymakT6NJDKcwq3Ajba+JOAmBFbEUim7QCGr3LVp0gz9aYDf2WLtL2++++78qOc9+xnZSLITUAI1lPd98Dhr7omqLKrZkC8jLiK0kN4nH25YzjrzBR2iDdxwHbg6Unz28srNrK1lucXZoX8fgsfpULnIueAJjq27HHNz97Gc/Y99GiYubE5QTlW1lRQQOLOrBMLR/gbALk8mLNHFo+Q7s3sdt2NB3Avm3Zcc+QztHPx1jtuHhJHiYW5UbY0urU1VhXsFF8P/jP/5joauq5gkB0WbjYR5VHW0v40msb1PUTqPbpk3la8ex/6zjpUi1VT/5qSqdF7SHvEzkyIeqmvQ2T/ar7aer2kpXVVNCVU3+Nh/VVli15QKIhaamfffd12jjGBsjX7adDCh/PA2ZDXDE/zeXX355OjQ01Iv58D2MbULezE9iG0iMY3lVNbJnWcFFMIeiAZ9IFEeCVoiqmvDGH4i+BHE7/JvIqHOL7lK+86O2lStvnClBAAAQAElEQVSo7YhgqadY1gIioAu0b4V9JQVRLm2Gqtryamuu5vN5nFNUxXGt1twEkNdrQ43Ar9zYyrj7f0I0u08narXK/XEcRYpW1+tVNDyRkS0afkTi09ypBRh/Zb/7YLteUdXCrBFRVVHzmwxwMYuGB2sThyPvEHkVLixKC+D9ZwBlByR8M4SL28JGFcexLF261LwpQj/jkN+0AovcLGIGVBWaRkrv90Xqq2fOnGkjYCLgjt75/FS3Vmt8knUQVLjwqbWRJzXoDRs2mP+fycVB/qoqrFNw0VVVYTmWOe6444SHmoxHshBMVJVes2gYT1JVI08mqCqdFxHr3ziyHUd3LLFtDFMeW0Ms185PP+sjn42JaSSmb45UdbRPzNPmQb9qK43yoDb++te/3jzlMA9lirE2Y0XZtPOzvtWrVx939NFHn4wnrnj58uXXQcYPqqqRP8uSVFXaF8uQF8eDaazv3HPPlQnjJ4jij/kYT3csqSp58j9WXSq74DXzwPNODBPndMvJs50imkgqfLjGmh8B6BRozv4LgFxh8yexr20SSQDgFSGQQ47goyCROApWx0HubtlDrjHIt+v3yLWteyyVmiqmJ6i9ANot56DSr7hStVz6t5as1OpMEkVZS8DGABG1MRcHK8ViZz5nF18VO+Ltt9/Or71fxLrWrl1rwNACgHPycRLCBGLaMrY/TOcCJii1Jy7zJkn0beZbtmxZk+5YQj1OuRzOQr6zqHWTB13mYV0EHP4++apVq0wbzCJBIl0SvEYurLezs1MuuOCC1ePHjzdxbSBhW9gmbhLk3yb2jcQw3S0l5t+YWJZxbM9LEceQxLxtYtk2teOYh0RebH+b2A/2m8Q4pjNfm1iefsYzfVNE0H7jG99o3l5hve085Mk0jIWMqUehhX/kmmuuiR944IEV8P+WaaynXY51tYl1kw/5kpiHY3jeeecB9KCNjvnEqjHjxLIsx/yua/8pwgXQrnWnzoe9XLHDtl1RrAMCskiENgLEAc4ilqTwplBR2Oc2IYMQ8Fv5xcgcoC0pzggU5QYG+1LH0SeeeeaXfbKHXNbu1I8oqD4VRM3+OA4xOK6xh6mq6UKatFxV46okfAYzSVv1ESdaklRtVRVOci6eKEygeSYwaUSFcqHMnw81lch2vBzHeSc08B4uyEmTJqGuJrSG1vDwv7P87ne/M6CKPKbfbBfzEnjpZzybE0XR/8Lll3tycF90Q9PuLJXKn4BrEYhRr/nyBF1VNe84X3fddWaxky8Z0GVd9KuqARyWnTp16lBvb+8nH3zwwW/BvQsLaQ1oA9rSh/x9MA31oT383WuMWTwAMBpE/BDy8PfhG3B98GwT3+s3fsQ3QT5pTLpJ2ziMdjfHUAP+FxDyN9qkqo2xhH69IA35mkg3xDT4mb+O+Cr8wwrxqCpcDeAaGY11UUZIjEMZQfvNoRr6Lfvtt5/wG6Dov8nDOKYzLzfRPB77WQbjItDAL8JZxgwAeQL/jwHkDzGtzZtl2sQ48mnPVZYn77e//e2S9/KiY/7Ig8T8JPrDMJ4FIL+Y/l2F9p392lk5r3RBgrZbji2tvgKtoYG3ALrdUgsekhpZIyDU1tt9YzgKQ7Nu6OectR3F3It/xfCeQpTAbtOXux/56RrLjhYmaWAGLUnGNB2PW4Kdth2DfTrf9m+Na4ndo2pZqjYWmyM5tyjUwrn4YEeWesOfc/LJF+e3hufL5b3vvvv2KRaLf8bFzHq4CAnOnLywX5v3whnmgqXmxklKP/kCtAyoMx7gCW29+VXEU2UhKML7/P3tb3/bHT9+6jTfDy4iDy588mU5hmlW4SuFixYtMvIlILRLsy2sk2XYvpH6/vqKK674KUwAH1u3bt25APJDBwYGDkL4YAD4QSh/EExCB464s+GfBf8slD0cdCgA/pAkig8dIeOPw+hQ0GFREDL+MKQdFjT9QxhuE+PoR75DQz84zG80Dx0h+g01anXGHcb0NqHM4W0CjyNQ/ohmkr4mSP0jg1SODEVfE1vRkZKkRyV2fJRj2UeSUjd3pCUKso5K3eQYxM0R0S9RJoKLLqktH8qIfsZRpugnlIBI3v3udxvbN+VHQElTQA5MZfRDLuAkwrIIlyDDDyMifeKJJ9ZCptdgXiRMI7V5I93cyG82C/JjfZwThx12mBx11FGGXzs/28M84CVtyuUcjLXwgFMNs13hI7X/Kox1Ui5fFLaZlLB1MJ+0lDVLGOZPy7bWfGrCEKe00kc6AdC3XcsoRIrNoOn7EoXRQGRFe4wphT21+LEbUQpl6s408ePQj8RzimJrToC4GLxACnlXsOBFU0vUcrxX0i+1NJcmttE201TFFk+S0JIc2Lm2w/h9k8a47XoYBCD9AICUv6EhlmUJF5rnecYloFILV1XWLY7jmDwycvGpBEUQbyE9vA7RD4M2eeNwrWDb8YeCoFlyHAvAEoAiIQhwUeMgTa699lrwiU15VTUu09km5iEgsY3lcnlho9H4ITPgIC563/ve17zkkkuGYDYYeOtb39r3ute9rr9N55xzzmiY/rPPPns56ayzzlp25plnLj1zM3T66acvIW2cj3FjyzB9Y2rzHxs/tgx5kM4+9dTFZ51y1qKzTjnF0Jknnfks4hfSPQVx0J4Xn3niiUvhLiedfvzpS44//vgnLZH/xCawlIBMuRBcOTbYnAxwtuMoN8pLVeWYY44RlDUA6gNQGM9yGH8z1vQzP9Mg2w/CNt6NjT1csWLtTf39g4/nAWoiFsoLxsyDmwimqPhhU3KY+zYBK2gI3VqjKu99/3uQnkgCW3KqiagtCKcjlEiIJ9owjDB37OMxjq8D7fR78ozTDhC78EdOoYRWq8DULWESi2JNKqycaWpLmqCZijSJJLFDic1v/qeSQDaqjqi4Qjkm4BCnkVg5S/htX9u2xct5f5h/QGGVvErXzmBr7YxKt6lOK70jToI6Dxw5UFw05JfLuVKtDouqCrRaDmdbW1ambznZjqqmIMOr2QzEtl3hBIiiAJNDC7YjR205v5fOCRt1GYD9FgtIzP6wHmixRmOjn++FM0w/0wkObZdxbGc7DoDyZdTGKQ7nhffVV19t40liEgD53UzBI7rpH3kQmAkk/HLPww8/PBrPepgOIGER4SM/62KdaO9/YIPxTcJe+HHCCSc8Bxlcic1XIFOhXCgGAjnlRj9dyo9E+QKYhW/yoByTRzdjypMR5MEy9EPmk3DA/HaYVIIlS55Z0NfXd12lUjH1MA/zki/zkh95MJ7EetgObhjUyJmP6VGUYP4KxldM3bZtGT/HX1U+KbvAlS/3fCRX7JxoO3mJ0lSocYso/gjeKpKCBA4AOgWJcLon7Wj0L0VsOhrGmpBczhFV2MKqg9XAb14tOG8Aiz3mtna3njSj+tNJGg3mANpxEpoFZAEACeaOk5NyuUMGBgYlCKMRTfzy1qjLll2apjlVxaCnKJCYDSFNY2isgQFyAG7BtqwTkLhdbmhdJwEIjuQit6EpIMwvFpnFCvOEeUuEaapq4lJMbPa3vYhV1bzJgvCdaNBmHxO7urryqOe8lStXdpVKJVOGi5e8VKG7uK7w6/yUI/iMauOsz4H2T5fENkIGq+C/mvn2ZlLV72O8zDcrKTfKk/KBbDB/1IiGfqZRzgQUfvnn8MMPNyDKcWW6yYiPsX7wlf7+/r9AtI0D6mjFimW/QPrjIGjONIFwforhQ97IZ8YsD9s628A6MeZy8cUXQyGIkZYir4jnuQA6QTiGm2JOiXFzOfds8Nhu8xq8tvqeMvOkmc1G8518OmDhnNvWw1ptVAK2tvrN9BdSAuBOmAOZFUmWpIkFAM8JzHgSxb7kHGtFzY5/i8Q96t7tQPzee6/pB4g+2GhWBGYBTMLIgKsN9ZgjQ22ls7NbHMvpuVwuty6++Cll/JaSWlq0LIGFhpMlgT2tjonvmYUDEDRsbCd33Jzt8D83sSC1p6fn/4GpQvMSLkbEIShCWzi/Yr9mzRoTTwAwCfhgPgCIEDQYz0mKcv+BJNrC4bz4Rtv5BsJHJk6caOynLkCbPAD+BnAA7kKzDQG7XZr1MJ11MI7AQj/q/Q7stJv9fXLm3RvoxBNP7IOM/pfASaLsEBaMhek+ZdWWH+OYRnrLW95ixpSZmE53Y2J+yPvoKVP2OW/evHnx8uUDz2FTv43xGEvh+HlewYwdebJuphHAOXe4QQwODgpfN5w2bQryiZnDrAd6ANooAPJUCgXPuGyrqvwt0rdqvSD/drvz+Y4PFfIdU8ulTvBUrO1EUqji7Jew0Yg1fgA5HpbRJ65RRI7c2JJGfMDxhF4L6zeQjlJZkigUQMQtSx6+Zo+btxa7uruRWvFtSRJGOc8yQMZJ3O6Dqgptu47rFefNXbbJNzTaeTflplaqMNWoZYvAlULRE592RrvFt1zqgNmmeoDj1CbLNl633XbnyVg8p4DEhhYOcBSCAUGZJpSf//znZrGzf1yUdFkl89MlADA/FvCjCPMr9nBefMOUkuvs7DwJKYe3ywIgRFUNId780BW1N7aB9ZC4YFyAPV2G2capU6ciW/A/LJORAADjX0MgDVU1oMMxobwoK8pMVQVPLsxn0hkHe73wtUzmactQVdve0TFhRBg2ecCpw8MrhxYuXHQdxnoVzSVM4zynK2IBoHMoZxvQiuMUIO+ZMBWaiy56K8I5o5H7fii8XDdHBxu6j6dNmC5garFt682IPBq0w+/993/tfkmo72V7a7WGkRX715YnG0S5CnRtVRUBkMvYy4SB3HBbYE5NXMWBHb3G75RoOFir9v1qbJE9xW/tjh1xnPjGMGr0CaxfBFkCnmVhwBxXcAYijp3Dxq1ddsPpuuaaazCyW9dLVUwSFElTauINAKmaRVguY0dPEikVOspWHExDlm26HUc/AQY2JyoXOsDAfAWe2vJtt90mzz33nHDRE1iRz/jpMr+qmjA1eCxsauGBbOaaNm2ap6qf5OZAfm0gt7FxoKzwW4W//e1vAQSO4cB01sEANw+2jWHwEDwZXIP4paDshgRw2Pkgxu0myqctN8opheZIWdNFNiNbjiPDHN8LLrjAzCmmjSWmk9pxfX39r99//4Neg3kcr1278uF169b9IpfLmbLYmEc3f7TB+FmOfraBxPHj1/55TkS+bBPj2Vb6czkHSk8TIG9DIUowJazLwKO1AODZUXcg8WX5UsfUar0pHZ3d0gwibC5lU70FhZttNwF80LwJR1pA3oawRHi101Kjwbe6EYeB2Bo+o364R/zgFfs5ltoSGBu3y/tvuG3aUrXjZ4OwBu0iwGAX4YZC7bIETdl1PWnUg3xqe88b1baiVxx65QfKUNPlAlVVTPa6qJoEjSKoO0h/pffvf3/viVjnbygUClg8kdE8VNX0gRoItXCsKBPfriOOYwPcDHNScxGifcsB5C+pYajqLJQ5vQ3GpVLJ8GW/SPwv9jRDRVEkBAjkHb1ZB+WKekwZJPA3Po2URQAAEABJREFUWeDsrHvXqxdj+L+ULWXnOK2NkOBJ2bK1lCvHEuNgZIjxkre//e1CMGc6ieNJl3nokkbicr29az/A8Ne+9rXhpUuX/wLl13MukC/jyZv1sSzbwXJMJ5izDTNmzJAzzzyTWUfHl+mMiKCB0w3D2JjwbNv5I4Rf9V/rRB2j9z4HvXZ6odB1SZLaki+U8TTRhBKWCvtlq5p8qi3XBPCRQIFL0hS+1p0iOdVE6OKzFYlPx1YJ/UYdIP6jRXvIb6WgWy+4d0sQF7k8ScW/MUmDOAgJrNDJAXBcRHzUrNcbOBzsyoVxvTR37nu9F/T4ZQLY9V1R/I3ki+PQTKYUk8ZxLYmTSODWEltWjmTZaoc/dIU5+Uks/gIXHxcjFqYQAAiWsIHKE088AZt/IKp8wnBMGhenmdjQoNuVYqH+J/w10Cbv22+/PQ/QJgjYzEAe1WrVbAZtgP7Rj35k+JM3+Jk0toV5CQJsE9sHl5rMw+ST0fMSgMxuxrx7hGNJmVGudClDVTXzB3mMjCFDofxnzpwpPORUVRl7sazqC+NU9dJ99tlnOvMNDfX9oa+v79aOjg6z+bNOatmsi2PFPCTyYRw3YMbzrRiOL8eRbWM640lcN8yLPhA8C8j3UfAgNpg5A/+remvkfj61vH1styC+eeXRle7ubihNVTP/0f/R+tn2sTSasJGHeRSmF79Rk5wrK6vNfj5BbpRrzwhyoHbLnsR+5YYobgzb2GkTAKvSFoadmYOX4lGqWqlbtrjjCis7nt+ut6Sntg0WqdGYOHkQ4MQ2C5B+27YljOIVkyZN798SdpvKA6334GKxcCEXIBcVFyT50s8F9etf/9o8LrMs20CQJzHMRUctim3BQuxH+CXt057njUf+t3Mxc7G7rmv6grJCuvnmmwUHZqaP4GUWDV3Wx3QS20W3Xq9/HW0IQNk9RgIA42HImLIxsoXfuARuZuMYEiQpV44DNlXBwbC8//3vNwDPtHY+jiuJZUiUO+bLuGq1/n7mufzyy4eXL1/6U/CpcCyZTvCln+msg37OLYbJg+PHd9RPOOEEM+aca8zHepmX7eR4M57lkHYpNpsZKB+DXtV7v9nnHOPlu9/meiURdcS2XEktNQoM1wLbLyOXqi3PhxPhmRWVLPaB7afcjCYOkyfPsfhdiMCvJo4VX7f0yVvXjbDZ45zdFsSnHJA8FkbVp6u1IfP41RrIEANkGfMKwMsK46TzhkVf8xG55TcmACYDgF/NhHGclv0Ri0Zc1wG4hrHjWPNvuGGL+b6gbmjGDhbxpYODg1gnebPYaZNWVXMA9uijj8odd9xhQFVVzWaCjKYtdDlZyZCAjHb+AP4NoE3eONC0oe2/HYt1CuRhbN/MiHLmsZq8+B46w6rKJOFCpocuFrOpn0AB++sSxP8GlN2bkADG5teQ10KOJeVF+dFFnMmtqka2jKO8OR44q5BzzjnHmAIFF8bJyJtpzENieZ7FYP792eTJk4F0In19fXdiE7iT4M16mK9N3EBYRlXNnGF9YM3XFeUd73iHmVdMJ0By/AnaTCcflh2pexyA/T2Mf7XJsvP/oLbblYoNU4gl0L9MG9mfVt1JyxnzSaAeEzQyc6Gc0DSkqoLFK5MnTxS/MSy2k/T7YfWqsfn3NL+1u3aIBz2lknddZ2c59PKuJGkEgI2NXS/AocjAwKCjYm/1z8ZCi0+h0AvUARFRs0FwwnOSCK56vRrEUf0JeF/RjUUyGYv1fZ7nSgOPegibxQ1ty7i//OUvzaJmnWwIFxw1KfrpMt7FhEV8hAX47ZdqBGyuBSzMD7cXMgDd8GZ5tEH4xZ5HHnnE1Ev+pDa/dhnbtgV1CTYd/q/OSjs9c18ogWOPPbYX8vsGzQAER6ZC9qKq9BoZ0qOqRstkGseDrxsynuOB8aTXjBHlT7lzvDnuyD8tTa0/YQZo44PLly+/lk9wamMJQ3MlsFmOLTLGnxDOEI5w2k867YzT5ahjjkZsKgEO+0TFbObkCf6iquZMhm2xLOvPEG++RQz3VblnHHzuqeoUzxfHE7FsSdVGPSq0daewbwsJMWNv9rMVRr/hcdDnNAXQp5bETLQc8154X/96iZOm2FZw24LHr1uIrHvs3ZLEbtq9Rq3y4/W9azbwkYrmFBuAA43F7OT5fNGxbW/m1nYtSZIwTTCbUVDFhlZfwuaASSIi0E7EdjRt+s3VCL6iGwv89bCJTk6xU1CbpjbFhQpNTlavXi00b6gq6ozNolJVsdEvLizBpapmkaMttPG95OSExn+iqh7aBgeCBlgYvmiH/OIXv2DQLGQuYhMY+WCY9dIdP378MKJ/Csrul5AAxvTn2IwrHCu+CcRxZXbEmzGjLAGOjDLKAfPw901o5mAaEyhzzEEhD4ydmQccK4b7+/vatmpZt27NrzBf7mMZEsswP/nTJZEn62b59sZ9ySX8CXGWEFHLMvxl5GJe1s/8oCmIfgfo1bo1Cq3P2W6+rJZrAJwYnCr0aBDbssmKAdaM54okSRpLtTZs5JXPF7BGQ+EPyHl5W/yg0p9a5reEwJSl9kzaJIjvLl2988GfPtfRUX44jiMcgtQBRo457OFE7OjosOMg4kTUrelPmkgIiwo2AjUE27oBUS4Sas/QYKJSufyKXrG7//77x6Ntn4FpArxTozEgbFwC7K9+9SsBwJu0GAe1bDcXL/1YVOJCA+cmpapsE18rlM1d119/vYeyn8nn88LyBBTy9jzP8Hn22WcF7SEfAyjkY2FR02Wb2F8uJMahHH8ZcY/6vQn2c3vTKaecsgry+jH5Uu7cPDlulCPjKFNVNYDTljHz8dCReRjHsaLLMHixmBkvnEdwrI6AScX84uDf//3fbxgaGrg2jlKxYEuGsi1RmJhXbBnHMF2SAPjCIBa/GcoZp8+V/fefDZ554p+ZG6ykXVe7frYBcfyZWmPCYZ7tSfsddP4HiqWuuZZdELH4Ro+Oso8lFlHibouwEgUoL6MX+iPSgi4qb1BWsElGpn9NP5T+oX6YDgck5yW3P/XQdTyMHy26J3paktiNezY83H9NKnHdti0D4AQrG5qr7/uwr6UHzJnzIc6QLe5homk9TTVuAzk0euFCIE9oWZL33NRvVv0tZjgmI7TnC7Bo9xsaGhK2EyBrXMuy+P618ECTcaoqqpi6aYrJGQrTSQQFlgPLa+F/FO5m7wkTJpykqqcRDFiGLjOTD8P8uVkCA+NJ7B/dKIqYzRBBh5sLZEmb4vMJJjX72JQEYBO/CvLF8IRCQKQMMQ7SHlckmE2aYRLDAH859NBDTX7mZRnyZnmGwW90nsBU+HGmgdLFixf/X6Nef5Jjh7Apz7IkhjnWHFNu/uTD8ebTH23jYRAIJhk3BsObZbjBs02sl+UQdwTqfoNs56trxmk9Yuf/LpfvsEUtg8/YikwtifnkB30k+keIqvqIt+0EkS9YPkJ7uGU50tXVg26pOK4MVurDVyAfdwI4e+6924N4RyF/EybnWmjeGMjIEIeLEzLnelPGh40cwgrasjtV/pZ1miZqtBoAr3Bi0+WOn6ZppF7KE9Qt4zeS66abbiqhTZ8CIJqFAz5mMfORmkB56623yvr16037mcaFqdpqtqqavKpqQB3pXwLbjWY4YkZuHmjCexl4OAQJLma2HxsIokUWLVokt9xyi5nsjFBVLATL1CG4uIhVW3XDfwOiHgFl9xZIYP/9939iw4YNv1NVI1POHYyX8FJVA7SQ6ajs6SewXnrppWaeEXCZHwDKImY+cI4wjnkx10+cNm3f85jYbDZXrF2/7m6Oserzc4R5WV61NYYMt9uB8vK6171OJkycaNrAfJwbTOfc5CaOeSOMp4u0T6Gu7YoTE7omfiEIrQNEPQC4beZdmqbywgmdmPah7o1u9onUisaaMk+v2Gwgvxw08GFTLgz8Ww+amt7fyrVnf27XwdkZorr1/qvW5Ty5sa+/VzyvIDEeL4eHq1hAggXQHDckXs9WtUvTIeB0Au1eSKo2+CSgyExsy7JTJ7KgxmwVV0ww5ygsQmo29Av8I/wsMwn/7//+zzDkIjYefHDxWZZl8iJoJju0jbvg3+wPXSFNZs2adZCqns+y7cWJMOyFgan7zjvvNBsG83KxMi0a0cC5GBjfJgBF9uWetjC2wD3wwAN9KBTfoVxJlD9ly/HmeJAIjnSZTpdp/PdtU6dONWPNzZZxBCiOB3lwLpAPCaD+l2zK5z73uWDNqrU/gjZeZ37m4ViSL/MxjvmCIDCbP814BPyenh5561vfKikeN1mGdTA/87JOluM8pIu28kexWt8UYoZtpCmzzzqz4cfv7O6ZpFGcALhhOjGfdEXYfltsEbFAY25NJQUxJoGbKn1c44nwaZn9igNfCq4lfn1og1jhv86bN2+veHrcSFItwexun7Xq8h8lSbRBxRELu3shXxI3ZwkONXrEqfM3Trb8kSqNq2rFMGQ0xXZiA3p8VDOTOgmhnSeah515a2VULpc/hImm1Ha4KLlouHiKxbzcdNMNsnz5ctgp7VG2TOcCt20XcRwmCxPcxiJPvoyIBLTJm68wel7+I7lcvsTf0EhMTkts8LEsR4aGKvKzn11jeKnao4/SXMxsFxe8qoqqYiO0/iAit4GyeyskgDOE2/B09STBFGMuNsx7HEuG6aqqUN6MZ7qqCmXPfxrBOGycRv7ML5JAgQjAg2OSYuOPMAeC102aNOlkNmlJ/8InhiuDt4omgkN3Me9HA8jUSiXGfGV8kkbi5mxp+nWTh+7Fl7xN8kUPfF3wTzjWZAd/hDjbgD7nvKB+JNCEY8HdpnvmzLl5yyl83it0dviRSmo7kqSxRBKKJakoVp0FdFZDtlipLbxSfJDYJ4gKocRQIuAheYniVj7HiSSo9Yub1q9Z8sh15r8hIeMef1t7Qg/vffTae3y/9lj/wAYzSdknH4c4ruO6YdCYyvCWUhI1hvygFsGmhoWWSGshiahyEYEw3ZIEM1C2/Pr9739/AED5rQRtbgB8I4ULhLwrlYrwf1qCvURRbBaPqhrmTG8v8hQTG/SsSHyjSdzMR5LkpqepXBLHsWlze9NgGMBi6lq9erVQ43Icx9RHP8GFLOlPwYBpqP/riGuAsvvFEthszFlnnVVtNpv/S5m2SbU1ppTtWOKc4NgE0JZp5uC745wjNoAf8jdPT9DshePIfFAGBJuEBf8n2YCvXP6VwaXLl/6Y84R1pRg7+ulyLFXVbNQMMz/nHV1q5Xy9EXzMHGddqooNIjZEE0+bj23rhSjzGtA23b5jfySJ3VNdryS5fAG8AN1Winmawp+ARIyUcHBpgdhmkvDCJkXVCq3DukxbhCJhnGAuFySCFq7YDmw7WGWF1X9hkb2FrD2lo46j/5Wk/nC+kEIDwaEmdmdLCrnOzvLBW9NH28vVYcEIuQA4wduTSFVFVTl5dGv4MS94/QkWXwcXLBcaFyhdAuUDDzwgjz76OLQfC/yZW4xWpJeIU+wAABAASURBVKoIq/GzDQVMekvsK0WEoKpwX3R/73vf65gwofPDAJBJrCOKIqPhsV7WxUXZfq2QfSNwsB10ubiZn3lo+0ccX6P85YsqySK2SAIY8x+C+lTVjCMLqSqdFxDBk8TIfffd1/ymCseA46KqZvy50YOX+Q14+rkZw6TyhilTphwuuNavWf/7tevW3U17N8caUTAx5M0GwHFWVbNZt+vB2Jp5wdcNyYt1cfw5Z1iWYfJimE9yHsyUiKcJ58UdQMKW3Psdcc6hXqH8N+PHT+RXomVgoE9yhZyRjaqOuoaXJnBIcHBz/pt3wKFApVBmEuE6VKSI2GpJEgUSxb4M9vf6KvGXFy68jXPXpO8NH9ae0sl43fAvHTdZuWbdMimWcuLyX7dZZbtWCw7amj6Gw0PrvXzOFzxGcvJsXDZNEycVPAdunLCZMEB6ChblB7iAuKAAsKKqRvtJ09T8BCyLRlEiXDz0My9dEv22bUuj2Wgm4v+EcaAU9KIbINCBui5lAjU3LkyCN/1crPy98CeffFIICOTLdBLboaoshs3ENq88IvB90CAou1+BBAC2vZD7DylbUpuFqppx5lhzXFVVuHlynPjW0pvf/ObRH8ZSVTMeHC/wMto4tXQ+yWEeFQC0fAVQFi5cuLZ3/Tr+TC2qammpBGqOMSLMfFNVU6/gYjzn4iGHHGL+DyfDmDdUUCSXy5m5iWxGI6fLdM9z/wj+V/pvCa1mLf5isdA12fcBuJjrEyeOh2lvACx5vxCG2OY2MTVpTU144VFLFGAuAHOlth6HEke+5FzFxhTf1xwaoKKzyfUhe+hl7Sn9unflNQ3RyjX5goZDQ4MYaE8cu2AXvM6tmnhrGwN1v1nv56Tm4uFiU8XkgaA4seBYaZjm4W7RjQV6AR5NZ6iq+TZpocDHSDFa1eOPPy733feA5PM5w4taDz2sp02qKlxwIgnf1e5l+qbo8ssvd2q15pnQ0GZwIbLt7AMXM8uT39VXXy0EbcapqjCOvAgmBAmmMQ6A0kD8D0HZ/QolAJMKD9W+D3nWQaNcVFtzSbXlQtZmHJiHYNk+dOTYMUyX48cxwlwyc0FVDbgDzN8zffb0fZ566il7wZJlv+zdsGEe8+Kpz2wMNMOoqinDeSy4mM46yZv+973vfYgVs7EzzPoYwfqYjy42DGjycRFh8/stTN8amjLjjHd1lCeeG4SoJ18264A8XdcRGyvVGoXcRFLFJgTi4SUpNhVRVpivBO8RUkVJ9C3n2OLaIkMD64fTJPzHZcvmNU2RvehjjwFxjlkt7r+qUu1bVy4XGRQv1yGW5vebc8A5XSZiCz74c5U5z14/PDyMyZ8ITCuiqi3ilLNShaWmVcHL8HvsscdKWDyfIqhy0RAouRC5YOn+4Ac/MBzaC4d5kN/EcfHQ03YLBY+accK4TdG4cePsRqN+OE0h5M+6CNbkR+2Nv8fy0EMPoT94/MRuQb5YlGaxc/EyH/nSr6q/gv8lvw2K9Ox+GQmccsopT2AsRv+NHeQ6WgLxBrwpb84Phjn+HDP+TG1nZ6eZcxwnzhXXdaFpOiaOeVkOzLp7V/Z9ZP78+cFTf/jD8IMPPPirWq36CDR0YbmBgQHjMn+7bvrJi+nMxx/GOvbYY42WD36GP9PIn9SOYzm040MITwBt8b3PAWccWCyP/ycnV8phLUqtEeCANZBG0BQHB7CbYtRuK9NG/QqkZoQQskYIZhdsUVIZ3hB3dBa+seyZG+4wWfayD0pjj+ny/ff/YqXa8XVRHMSV6pAEfiRpXJhSmLA/31DZ4n4mabhh0qRJAPHYTGp+K0wJ4KoEQdtRLcsWXIODg6di8h9CkLawG8BvSlHbwiOwtH+3JI5TE68KbSNNTZ0yMlmxcMS23e81Go0HTaZWgsJPwvhdbM+ZM8e9994/7L98+YplqGc1yDwSsx4uSNbP99DpJ1CgLDQrPIbi8JP8qbExnu1jWeT/L+bJaLtI4NuQK2/DTFVHxtcEzTipqglw46WHrxq+8Y1vFI4Xn9xUWzZtjhWJIMwNGOMkcRj+KTbwfTDX+hc+88w9Dz3w0FWVoeHHXNsx/5ZMkhRrAHv/iGuJwoYcY3YB/sIIT2a2XHrpH7NaY0rh+MeYF3TRaKG/XR8yTYPffGMU/i25LXXKX7Ss4r5JgqdNdWD2KArbzn6x/axD0JrnmSXwgqwU0SqCvhsSXmg9otknMV9JjSVoVqXgWvfbfvQF5tgbydqlO/0KGufYyZfW9a5a53mumZSumy+moczaGlaJ+IvXr18f0SQxthwntm2rYznysiB+++23OwDHv6QWTI2Hk5UaFxcF6dprrzW2Z/rJl/WoqtHOVLHAsJDacXEcntfZ2f2AiP37XK5wd0dH1z3lcs+DEydOfmTGjAefGh6uLnr44fvuuv763373Ix/5yLSPfexj8g//8A/yPjwq0//pT39afvrTnxrgZnvYFtapqsI+sn1cWCMAgXrkFtad0bZLAHJ9HBvkXZR5m5uqApdaRPkTvCl7Ahs1cdjT5V3vepeZCxybdjmCOvkQ/DhvGEbaBDw1/mHJkiUL7r777t9fddVV3/joRz961EUXXST8Ov+ll15qeJEf6T3veY/5NUPG85XGiy++WL7zne8I2mkOQtkO+tFms37A3zytsU76MW/+Cq4Detl7xqxz/sLzOi+03ZKIujCVkHAyD7tKkkZUiEReAOAIbvK2WrHciNJYFCRJJNidJE38vnp9w2ULFly31/4424h0WjLaEz7vevDHS4old14qgYQ48HAdz3Vc7zVb07ckDlfk857PicvJrKoCCwRs17SiWA6UgJf8Ya00TRWAfTzqPBdkFojjOAZEGV62bJnw36GpKoPgDc0DPtYFx4RV1Sx08GLUvlioR2PWnhYE/klY5CdVq0Nzent7j1y5cuXBixc/O+PZZxeMv+uuO+X++++VO++cJ7feerPcc89d8vvf32HeQ8eDADQ7lXq9Cr6ppFgI2BzMwsXCHG0b/Fexwoy2jwSOO+442sS/ivlgZMw5BRmbMaZL0CaQ008AZT7WPGXKFPPNSlXFuNlGIx6ZC2Y+tf2cM3EcT4Qmvv+6devynFuLFy+WNWvWCF2Au7TjxroLFiww39xlOn9HBzwwL1pzjn7BxbYJQBbTGYDrGAqC6CAR+/VIfsl75mHnHm15xX+x3Tx0akVeS1JM8zhKTX/Y/jbBBD5adwITSYtEEpRqtyWJAN7IWPBcUYkFpnAJ6sP1IKhcvmLx7Q8j615773EgzpEMwsF/HRjsXaeKwXbV8f3mkYzfUgr92pNRHDUcOyftRUWtp1arm3CxWDb/ZWVz/O66665uaOH/icMbN4oic5ADEDYLlyaOH/zgB0YL58LdHI92vKqK6uaJYMzF0M5PP2njMOM2RewfgYVAAnv6Smh+17bLZu72kQDA8EbIeCllPfZJCPEGkDlHODYE5LbL8XjLW95i5gzjWZauqhrNmC1jXrpt2jjcjm+7TCe1w3QZJtHfpk2FGUdiHjThb+FuFjsmH3leyXYK/51IriNJbWjgFmA3BSiDANICH8q35nWq8JI2zc51XWG9XH+ShNJsVMXLiQwNrQtzuejHyxeeyLdRwGO73bsdo01LbrfrxgsbfO/DP3qiVLJvr9UHJU4aksvbB4pcvsV9tUrOsjAI66oKzbUODcSC9uBKewEGgf+SmnixWDwRi/Z4at9sGRcrH5W5CKE5yw033GAWJyenQNPZNLHklhN5kTZXgmmbIt/30TfbLBTY3X+A8utB2b0dJXDWWWdVwe7rnAeUN+aGmVMEas4JEkFKVQ2wIa9AAZDjjz9ecDhqgJ5l2/OJ6SzL8aSfNNbP8EsR87ZpbL4XxnG5kFo52ml0EXOqiHMaXAv0oruYul8OI+fIYrFbUszvxOTAJ5QqUbgmvGUf3OAsUVhOQsl7LjTwRJr1ARnXmX8oqg5/Cut66xhuWbW7VS5rt2rtVjS2GVX/JUn9NSnMKpgC+xx/xDMvqT2PZX333T9dEyfhChdaALRT8yjLQ1KYUURVCcAHwJZojy3T9t98881dWJCfACCax2fGc+Fy8kM7l6uvvnpUC2cc07eFyIO0JTyYjzQ2L/vIR1Y8FTQBJnyNcWxy5t9OEoiiiN/gXEh5E4ypWXOOUPYMq6rZSDk+DDMN4yHvfOc7jcmLzQAPzj16zZxk3jaZyFfw0S5Pd2uK27Z8AvlTkZl5uCKHHQb9WGTWkW96RxBY7815ZWn6saS041kqQqMKQJwvCQigHQnAczVF+UFTS2q0cphd6KaEJspEpVD0AN6W+DjETOOG+H5lRdAY+PMlS24ZYtm9nSipPVIG9zz0vSctx78BQE5Ns+SW7EO3oqNpsVhaXas1pFIZwgm+K3z31vdDo0EVCqWZwdDEaRvze+ihh1zkOwSmk9dyUQAYDZBzUVarVfCqyLU40GQ5VTWLlv6XIvJ5KXqpsptKU31+4TCdQMHNBWDCb2cuYFxG218Cp5566nrI+pvkTE0c5xrGzIYN38wpAjTHmS7nDcGem//JJ58ss2bNEioTLMs0EvMxTNq+REggbY4r0giwqf1m1y0dJbKsaXLOnx9OP+Dsg6CBfyWfH5cLQ0vyxQ7TNwK3WomkdiIWDCvgAFdER8FaXnRRFu3IoNGE9l2TUiEnfn246uXSv1341E2PtdP3dpfy3GNl0Gj0/1OzWX+uXqt7aRDz8Y99fSGKMWYTlMTxPZhIzWKxyE0AAFw15hT+8L6lTkdsWS964wWHRA4egz+NBWgTuLnQAI5Ga+rs7JSf/OQn5sBJVU3cJqrd7lGqKqq6Sb6qrXbU63VuNt/ZZKYscrtJAPPhZwDwAW6aBGIyVm2NAeaaURZU1di8md6Oe//732+e3jinsBGY+Ug/y+9cSvnDWGyCLbNn52K1/lslN7nRjAHgXTJcrUHntgRoLYlGIkLLR4sMgCNmkzc3CVEq7wB7NfKYMGGcDPRtaNga/efCx2/8qWTXqAQg4VH/Hue579GfLqtVq9eMnzBZbddqv6GSbklHgzC4F5pQk4+9AOYRu2RkNHJo1bmcPcpvlF1XV9cU2L7Pof2yVquZeC5GLFzp7++XH//4x2YB2rZt0rbto7UYtpYHgaFdhn72D+25D3H3grL7VZTAGWecsQYg/AN+CUdVjZmEYwBwN/OCVWMszBMa5wzTqLGfe+65MmPGDCYbaqeZwMt8qKqotmhTWVVbaaqbdp8vQ6ggtWLYtihNLxTp4Jd/4u7auC/YTvEkkLhOQfxmJMVC2Zh/ojRCn2BaEbjQxFsc8GnAWpA2ZkmOxCEVt4XyIq7tyGB/f5BzrB89+/TJ/w8J2T1GAtYY/x7pTZPmfwxXep9LkuiwOXPmcsJtUT/76msfTbW+oVobMm+kEIy9XEGq1QYWhYvHxPzcjRkhz1wAfwmauADMRxem4zjCL9usX7/ebAZctCxr2y4dEIdhY0I0blUurhTsRwcBAAAQAElEQVR1tolhko04Gzle/uaCG5trbJhtwdPCt5Dug3bMvRfXAtl/AwfkgwBzzCGOeUsYBG8qC0g3c4TpjOPcIb3vfe8zYMcDTZbAmJl89G8pqXLe6JZmH5Ov3U6WVUnBJxUb7bF73K6et5anHD23c9zkP3dzRVHLFjvnYW6q0aDZDxLRWJN0hGcCN0XeFK5I6xPeFLxNQI0WLtDcSwUHa25DLFr/TW1w1WUil7OwZNfzErCe9+6Zvoef/sWaRtD/FcuJp6ufO2ZLezl//jWBnRuaH8bDkvMsTNhUfD+QfK5LbC2CjX3SRy7+xzI85r799tvzea/wbsFE5TutPM9J+IUETES6WLjCNw1e85qj5PTTz5Tjjz9Rjj3mODn6yGPkmKOPlaOOPFaOO+4kOeqoOXL8CSfKnONOENpDjz9+jpwAOvGEY+WEE44zdPwJJyDPSXIceJx44skyZ84c4denjzzySOFXqBnef//9m/vuu+/qyZMnLxo/fvxC0LOdnZ3PwrZKdzHcldhoBgEKdwIQfm46kX286hKAbXxxo9G8jd87ELEM2BGk+fRm27Yxs3FjbfvZIB5ynn/++XLRRReZcYZGL3PnzjXjftJJJ8mJJ544SpwzqANz7HQ588wzjUtN/uyzz5bzzjvPxL32ta8V/hOKo446avjAWQfdMGXS1K/uN32//xzfNf6KXM75suNYIOdL2FC+hDZ+WRy9QsT+muXmv2vlit93Cx3fh/vLnkkzru3o3vficvfUn1lOKe+4eYkBxGx/ksZiqdKSAkBGP6lhJ4Iw/NK6UpxmppqIOtgQLFsEGrdreeKoI45tiefEUq2sEdsanlcPBj60cuW9jVbJ7HOsBKyxgT3VXw+G/jsM/cVWzuZ/Kdnibtbq6/9PraBRqw2LjUmVy+VhG2+IbeVB3rRBqR7cZrZ6de/hftM/hlq4BQQn2ViUJIClWUBf+tKXzLfj6H7liq/Kt771Lfn+978vV131Xfn2t78p3/zmN+Vb3/2OXIn4r33ta/KlL39ZvnUl478hV155pXzzyq/DJV0pX//mlfKNb31TvvGNb6Dst0fdz372s/OOP/74PwOIv7O7u/uItWvXHtLX13cY6HCA+FE4eD0GB69HwiR0KNp+OADijXD5Chyc7N4RErCs3H9i4zQAnqZG9TR+zpk2qappCucTNVm6f/d3fydmXmAefe5znzNjfsUVV8hXvvKVUWKY9GXMHc6zr371q0L/v//7vwvDnC8Mf+xjH/v5m970pk+fcNLxH1+zbvVfLlu57K82DG74BJ4kPwlzDcj/lEgCij4pUfgJEf+yJKx8KAmG3h/W+94f+31vTcT+J6/QebztlidZjiep2qYfPMiED+CdmD5oCocgLiNwAz/7DbwXy7WhaVfNU0XkR8KnERvZNA2x1vpwVjP8CPzvX/XMrX3gkt2bkADEtYnYPSxq/vx51SQN/8W29GR0rbU64Hm529F4nu/X+xwXUzhowIbZNDZxz/Nk3doN0CrcuW0eXV2d53uFfJfr5cSCZsFF2qY6Dg5VVWh/psaFRSKWZYkPnr5fk6ZfBdGtSBA2JIpDsE3MgvD9UPxm3CL6SSgXBE0h1eso22yaRaCqMm3atNOOOOKIE6ZPn97/xBNPDIBRPELhypUrG+vWraOxvo64Ktq1Gm4FlN07UAKrVi27G3OAT0BCgCagbVw940jYbM2BOs9YGMama+YFQZ1x4AOgCw1RA2aYc4wEQDb/cxLjjLkSmMPRoaEhYfyECRPeduyxx11y6MGHX7Rx3WPCFvwOiDf9o1SaeNjRPeOm/cbNeV2OncOTqhpiRlICDTum/Ruu6siSA3gnQO5ULUkF+RMRtrmzs0Mivymuq9JRzksS+dDAB8W2ksejqPquJfNvWUGeGW1aAhyUTafsYbEP/uGmq/2gthx28VHt+eW6eOeD1z4XRs2n4iQQPGaCXLMQwjDGhPPw6GsbEIc2nddUz7MtV5rNQAjyBHBq4ARrLjjWRS2Diyyfz5uFSX+chGIp+amoFWMhcEE2JMFhEBc4y6Wc+KTERnqKzUPEkkRsTc2mwnq4UFlnFEUOFuh0mFaeZtmMdj0JXHLJJXGpVP4Jn9I4xmmamnGlyzDHkS7DqirMxzHmXKLphUDe9gsuVRXVFxKizc23q+ghL/IhYY6Y/JMmTTrzpJNP/bMf/tcPT2SeTRBgFqeRrQT66UvLU44Z39U55adiFabYloc4Ne1nmxEQtk31+fYwrkWEG0tgRUGw5Ve1jCZu2SrNBnQLrIc4aohtRU/79aH3rV1091PInN0vIQFK8iWS96ykMI2/5Km0NYst6pyTS6/3/ZofhHVRKzXgizUnkjoA8fTkf/zIP5aDmn1UziscyHiYK/AYWDH5QmgUnNBcQFyYjpMTntjHUSq1ahUaR2w0JIK5QGPhV+gtG2tFI6E/igO0kUNkiQUtRqTlRyRu5AOQt8GbGweJ9fX09Kz867/+6+ybl5DSrnpHkf+LanX4OVU1TeQcIREI6baJCgBBm2HOIYY5xlHEOZKKZTkvINt2XxCu15tCCoII9VhQRPLiuh7nrqSJMjxz0tR9L7/66qttZHi5O502bU6hq2Pyj/OlCQdbVkFoWqQNW8UWVTWEh0y0QYw/FSwVJVkCPYQexMCPQAri3KdSw6dKL29LZbgPTwrDix0reNfqRbf9AZn32ntLO25tacY9Id8TT9y15J6H5j25NX3xa5VrG81qX6GQg5ZdN0Ut5cJxpV4LxjcKHW9u+OGRUSjdBGkuOIIpF5wNmzhdVVt4kMUJS+LjLBdhPl8Ux85jYjswOybg38TiiiRNE7MIBCAdoyCCiBPivKgBc0FSirjUfAmE/Lj4+QhNF4s8++YlRLQr3zh8XA/z2jfTNDXNVAXSGV/rQ1UxByxjbqD2rapmw6cJpVQqCeM4v2Sjq82vHU3Qp2JB4txjec495mP5HEyDnV1dryuXe/iDbe1im3M1zY//rlfoPkc0J6m4okqykd8CKeJiMy/JPzXmlFb/kCgC0BZhPoRG5jH7EcE0WCrmZGhgvVjqP6tx7Y8XP/HbvfpHrSChLb5HJLrF+fe6jPc88ovlxZL9h94Nq4VachQFwm9y5twiJpwnfj39+KTJ06d2dnZHruMhzgFgJ2YiE1wpMC6WgpeXHNKBy2ID1BkXQjvym8ib5MR1SmLbrUdTLrYAdvEkiVAnpr2tAmBGum3Ishy4rthqGeDnQmU6NZpqtTrgOM4iya5dXgKYH9dgk9/AjZegxwarKp1RUlUznxiBg2nxALpUFPgExnKMT6FRC0CRLimJRdrEL6cFPDBsBELXtlzxcgVRsaEwxJjLNanUa9LTM/5j0MYL8hLX5P3nfq7Y0fNOP0zEK3YDk3OmHtZpAas1Sc28T2AKjA3Fz3MzAD4miM0rBSXQftycyro1K6W7q7AgTpuXPrfw1gefz5n5Xk4C1stlyNJF+vrX/p+X10azWcOCiqRYLIoqbHmVJhaBP2ewf8hvNsM1BHfGh2EouVwOQGsLH12bsJP7fmhEyYlLAtAKwfixR5+RFSvWY4GpuE6xpZmLIq9iXapEsBEaSmPUTQLoxwn8JBFVNYuRQA4AFyz0u+644w4eWEp27doSOOussxYBxH8DMuC3cWs5T7jZq6o5uCRwc7NWVXMWwjQeKrbmkoX59GLivCBfVRXmo59nM9hAxHYdyeMJs1jMS9Ovv8nzOjf7+0L7H37uB7u6xn8mSW3xCh1Sx6agFkAcfFUtUZBlWcL22XgCtR3LzH950ZWYvipM7STHTqU+PCjFgjs/CBvvfO6pGzMAf5HMXjrCeunkLJUSiO3gtwOD61eXypi00DACPP4pNBnLsmVDL077m7J/Zaj5qOvkkzhOxfMKQm2JQJ4CcB3kszDBobqIKkpikguuFNrJzBkHy3/8+zdl/pNLJA4dCQNLLLsgCdKYLlDdHSwIunbORSkBaLdsoaq2GL6ITWB2scF3cHDwqssvvzxBVHbvBhIAUP8PnqACAjnHkEDLMSWx+Yyjy3hVbQHgGJdp4GHimZd8xhIVCsaTmLftkl8rX4S5FkuukC83wob5/XvmG0tHHv+G16XifKsZxGLZDupCOzD3EmRSseWFF7XxFlCzXUxjnR7mbgyt24J+knMtSXBelOLMJ6gPSxRUH43D+tuWP/7rzAZOgW0lWVuZf6/M/vDDv97g2MltG/rWCnDS/LOJENq26xQAuioLnl7++rXr+p4bHq4/lnPzwkmLhSnMQ4GpYtKnqQkzLoaZJAiacaVSWb5yxZovT582U6785vflyfmLmxv6q7+OIl3dbCRYMC5w35YAkz+CRt5s1nHo06C2LSEWFIkHVh4esZvNJu2nTwZBcD/rzGj3kAA2+0fxBHULQZWbMMcRYyicJwRBgrmqCt02qY4JA0Pb8Zty23zJu52uqqLaIsHFuqIoEsScd/m3v11E1Oh9xIlvOrLelJ/1jJ9s205eBCAeJ+loe0QIIaTRIi/wsE5GoI/SWS6K36iJXxum5o2nz2H0s3pXoZS+bfXC3z3DfBltvQQ2L/2t57VHlwil+UO1oj61YsnnPbGweHgwaVl56d0wNG3tyg33PzH/qX9bunjpd5uN4FYsxod933+wUqnejYV6O/w3Nv3GrxqN+i+GB4f/Z93aVd9ctPjZ7zy76Nk7Oju7/ynwY7nyG1flb7vlrr4773jge0uWrfnO2jV9N/X3Dz6Kxfw46JlUkwWd3V0L+/v7lwRh+JyXz6+GNrUSi34pNPA71q1b9/03v/nN6/bogdiundv5zF73utf1oxX/ivnxO4zxQtu2V8Jctxr+1blcbhXHF7QKILsGtHaE6F8P//o0TdanEq9K0niNaLIWtA60FnGM703SqDdOwn7QAGgwioMh0HAY+ZUw9IfTNB7A/Fk9ODT0cK3hV6P1/lS0x9xzTn/r1DR1flPqmtA5NNwQJ+cJzTdoo/DhMIYio6qiujGlo3FJFCOvLR2lAg5mm1IueaI48KxWN0SOFV1bSpK3rXjiliWmwuzjFUkgA/EtFNv9D19zVxDWHxka7hfV1JQaHh6GTbwpjXroLFnyXO2Tn3zPz9b0LvnYcyuXvnn16rWn16r+6ZZjzZ372jPPnvva019/9rlz33LP/b+/+P6H73nv/AULPv7sYv9L6wajG2th/7+GSXBnE3bzhc8+96b5CxZ9b8OqZ//87oeeetfiBavOffzRx05funTpyYsXLz7p6aefOqlSGzxx5cre49as6Tt2cLD/uJUrVx6DTeO8Sy655MumYdnHbiWBuXPn/v6MM854fW9v7zEA8EPgHtdoNI7HZn0C3JMA4qf4vk86GVrzKWmanp4kySmkarWC+Mbpvl8/A0939J/k+43T4T+1Wg1OhHtsrVY5DjQHdOzwcPOoSsU/slodfk1lODisMjx4WO+avpNXDWw495nVyz6yfGjFWgrvhLPfPb4ZmOlaNgAAEABJREFUubcFkb1v/0BVPK9DCqVO4fmOAjVSnNFomkAPT5h9hNIR93kHbZWOYkmGsVaa0MIJ4EFzOLLS4JpcGL178eLfZa/CPi+uV+TDcLyicntloXwx9z8wbfvQaCTFBC6VSpL3ipLEttTqzT+mUC677DL/3e9+dw2A2njDG97g4/Aq0jbqIwPt1SMUfe1rl/nXXPO54Ne//k693OF9Fsn1J558etyCp1f9269/vdr+2hf+vvdTn/rwBvAcft/73jdIuvTSSwcuvPDCDe9+91vXv/nN56yj5o26hkABymf3bioBzJEE41o/6qijatDO15x33nmrzwOdffbZq04//fQVmEfLSGeeeebSU089dXGbkL6YcUhbNOIy3yKGzz//zKVwV55//vlL23TBBWcvb9EFyy+88OxVF1xwwdr3vOeSFR/BvPr3v/3byv/8x3/Ujp773u5mM70rjLxDOjqnSKljsgieOIeHoI07rnhuTgTz34NtG+2GUqMvIksUAK+SR971vWulVMhLAWa/emWw4brJ17RZe/+iRTcMS3ZtswSsbeawFzFI+4d+EcX+k/HI63/seorT+ijCCXs9eP3FF39sIuNeCT3xxO/ubAT173R3TZC+DbU/Gqqt+/Zhh12M1fICblkgk8CrKoFTz/nQDEft+/r7m4eIFqS3vyFBaIkf4GjTLYiXK0CrroimsdDeTY08xXnP8xTL8/5UCPKd5Q4Jg6ZUhwf70zT63PIpzb9Ztmxe81XtyF7EPAPxrRjsefOvqQZR80eFQj5u+nUzQXHyKON6JsCk4k+oDoUXbgW7F2Wta/3z9Ya/cPLU/aQR6PtiK/kKHrWdF2XMIjIJvAoSOOGMi/cfHh64bX3v4MFTps6QKLYkX+ySnNchauckTVQaDV9c1zWvONaqL69I87VIEkw/q0sd+Y+vWPDbL8q8efGr0Py9lmUG4ls59CXX/vH63pXP8BucSRKJZasMDVUwsfOSRu47N/e/N7ekmqEVTwzg0OnfYAv1J02cKn5T/vy5NR1fErnY3pLyWZ5MAq9UAiecceH+QSS/qzeiWXmvLANDVZhMHGjQsQHuKEzEth2xbVtcy5ZG3ZdyR9cmqmtBiiUJzCmJKN8H59NrUL104SM/+yEKpCMEJ7u3hwRaEt8enDbDY0+LvvX+q9bZTnh1KqEkGkoQN0UdW5LUk6bvzBlcPe6YbenzuufSH2LpPBSGvnR0jRPP6/nY/gfFV2amlW2Ralb2pSRw5KkXHzxUtW+pNpLZXrFbUrEFh6li4QDfAULk8EHCJDdsVG2BBUWSJBXLciRGIEoE6wAgLypJFIFCadaGRMLK7+Oo9y0rF/1mnrSutOVkn9tLAhii7cVqL+ITVb9ZbwwtSpIQkxgiVBV+DV9StzuIc+/aNknMi/zY/7fAbzTMQrKL2t0z+UPNOPrfww8/f9y28c5KZxJ4oQQOmvO2QxpN+7eYtwf4sH2L5vAEGJvf5Algx06TWJI4ELoptGr+cqaqiqq2GOGk34Z2LprgSTSC/byJw35bbDsOw3Dwfwb9oTetXDxvUStz9vlqSMB6NZju6Tx//8g1vWHS+Gmc+AbEbduVCNoHJ3OxVHz7qXMunrEtMli99He/aTYrd3uuLTnPwYKxZfKk6RcHiXftQQedc4BkVyaB7SCBQ15zwZwwcG517c5ZYeiKbRUlCkUs2LzDIMZToCcpf1GTJL6k5ukzltRK8BSaGhKYFFMc9OcA5K4j4uVUqpUN1Uat71+nd/d/YHDZvMHt0NStZLF3Zc9A/BWOd6TDX2n61UXNZlPiOBHP8wDkCRZBOM3Jd176Ctm2i6VpHP1Hf3/vcLNZN3GBH0M7Gn+aW+i84fCjLjjLRGYfmQReoQQOOeLNpyRSvs6S0rTe9cNSLHRJqdgtYSxSLnUK1GgJIx8KRCoK0LYsRU2pYGIaUk2hwCAK0G5BCxeAfBBUpV7pXZV3wo89t+CGf3z44YexJTBPRq+mBDIQf4XSfeCBX/ZZTvQd17GTFCDu+74UCgXYCUVszb137pw/nvAKWZtizy278SbLju/J53Nmg0jVFcspSKHYc1AY2z/Z/6Cz3m0yZh+ZBLZSAtNmn3tevnPitZbbOc22CzJ58r7iYm4FfgJgdlr/pAHnPF4+bzirqghB3EoRtgDiKqq22NC+kzQQxxVpNIbiWqX3wVxO3vzsE9f/ABmZGU52v9oSsF7tCvZk/pFs+NbA4LqncGhvukntpaPcA81cZkeqbzWR2/BhafDv69euMo+jCQ6RVHISJzkA+YTJucK4rxxw+Pn/b86cOVhC21BJVnRXkMAOa8PsIy66pGf8vj/t66tOiBOVOE2k3qgJv1EZRYGUSiUDzikPK2EifGHDLBNU1ZaLPNTCK8O9VVuDH9l563XZ74Ab0ezQj9ao7NAq95zK7r77ukpn2f3PDRvW1h0rkaJXlHrNl3yuy8p53X8297CLy9vS28ULbrq9VM7/nv9HM45jsZ28FAo94vsK7bynx7Y6/q4aTP3xYYe9Ycq21JOV3TskMPPQi/4qiHJX+aH2dPZMEK/gSbHk4twllXHjyyKwfQ8N94nruuI4DpSRVDS1RGILh5YKv4otltB6EgchtO8KqH+lbTf+ZumTv3nvyqdu6pfs2uESsHZ4jXtYhbE7/79tN7o3in3YEX1oMl0S+KkUCt2v8QulN21rd2u1vn8e7Fvfm8NzKrWjoWpNitD2LacEIO8q5L1xb1e7cP2sWeeeuq11ZeX3UAnMnevsd8jbvhgnxS8WyuM71M5JEEegQPygJikOLOuNCuZTTjjPgiDAeWUMZaQgluVAKBbMhAnAG6CuIor8UdjwG82B2yN/8E3LnvzdN0XABh/ZveMlkIH4Nsp83rx5UTmffqHhD6/jQZDfDCTvdUgc5hzV4oe29f3ulUtve0A0/JUf1FPbVlFVCYIIdkkXqyYvcZIX2+48JrUKP9vngLO39UB1i6WRZdw9JDDxsLnlmevG/6+b7/lEodwNRLZEoU+rKuZPLEkaCs2BUdQ0YWrhtm3jkF4A2ipJGIklibiYe2kSSr3eD2WlMlCprr7CrvZdsHrRnY9Idu1UCVg7tfY9pPKbf//tW4Nw+BeFogNVJTUga6knjpU/Omdbr9/WbhZz8sXAr6weHNggjgo0Jg+bRCKW5lFHSfhPJDq7Jk3Pux3fnDH7nCsOOOCcTX2VblubkZXfzSQwffbcfcoy/reOW/4j23EtSx1J1RZVhYvOwFTi2C6AuS4dHR1QDFKpVCpIsKSQ8xCOxQZC5D1HGjWC95DvWs37/ObAxX3Lbvv0ypX3NpA5u3eyBDBEO7kFe0j1mkv/v77+1QvFjsQremK7nrheqaurc9KHt7WLTz/9m2eTuPbdnBv7tpPADllrLcRUzIYRxbYIAN3Ld3UU8t0fS2391bT9TjpWsmuvlcABh73xNLG7bnELHWc4eT6tWZLasdDunQrcRADSlti2J4V8pzQbiaSJJZ2lTnEtW2Jo5iTbiiVsDCHO70ujwSuH46FzVy28+VbJrl1GAnsPiL/KIr///h+t9Irpvw5Ve4csOxXbUSyOsqjkTjvpuD/ZZtv4UN/wlyqVdQvq9UHpKOWFj7dR4KMeFwvRlhCPvdg0pKd7sh2E9tzuruk37rP/3I9K9vbKqzzyuxx7nTTjdR+y3J6f5/PjDrYA0pZlSWLRBEcCWKfY/aGFWyAexNtWTvhdBweHmUkS4UwHSgLyO04kter6emVo3e8iv3Lh8mdu+UTv/HnVXa7He3mDrL28/9u1+/N+/4P/dtzg9npjAIsiEAuHQq5T7Ijj/MdELt8mWff2zqsWivIvfmOgVq30wRbui+e5ouCaSCp8VawBe/yG/iGZPGWmqBYmalK44sD69J9N2veUWdu1oxmzXVIC06bNKU7d/8Kv5Is93xLJT3LcPNRtC3p3LGkKklAUNnALIG6riootXq4k/EcPXR3d0qjXJI58KRYtPOENJ/Va7+Ikqnxqck/vG5cvuvVeya5dUgKAgF2yXbtro1I/HP77OK0uSNIAh0ORlEs9UvC6Tzj2qAXv3NZOzX/s+mvyeetmlUBC3xcoWFigWJjQ+m0cRvHLRrblydBQTRKYWCZO3texreJbxnVOu3nmrPP+CPUrKLv3QAl07nPigU7n1N/YufxlhVKnWo4rlgMNGxs832oiCfyqKjZWvQUIJ8VxbN5IGR4elFKJphVb1vc+t0Gk/g2RwdOfW3TLN7NvXsorvXZIOWuH1LIXVXLffT97OoprVzSC6rDLA6FmJBMm7tOZ97o/cfLJFxe2URRpEFX/IU2CdfmcJVHoi62wkTergidjUceWBAs1XyhJvtglQ8O+OE5Z0iS3v20Xvj/roNd9f9asUyZtYxuy4ruYBCbNPPn8SeOnXK+2d1b3uB6xbFuiNJKGXzdPaGmikqYqVmqLBfAWXIrtX6CVF/I58f2GKMwn1dpArX9w9Y35Ynrh0id+fdnyp3+/BlmzexeXgLWLt2+3bN7d9/7w23Fc/U0Q1qQEG0iz7ktHacKRcVj4+LZ2aNFTt86vVfq+gsfeKA6bsIWHRpNKkkQajQYWqwjtm7VaA5pVp1jqSs7rwBPB+ILjlN4TafGefQ44g68iZlr5tg7GTi9/sT191hmfdLzuq+PEmV0oliUIY/H5K1Zom+t6kiYimBqiI0BOMKdWTtt3kvpSr28QlRqmTt99mlb/9Ln5cy5Y9vgN96F4du8mEshA/FUaKCfs/wQWyIOChVLIeeI5BbvgdP/pcUdefPC2VulY3hX14Q33SZIaVnxNLPJDsaBt5XNQ9rFgS/mSBI0AK9gGqlsw7TjiOJ1SKk6dVSpO+a+ZB1/w0xmzzz7MMMg+djsJ7Hfo6VMn7rf6mtQp/auXL3UWS13iBzHMaFjS0LiT2MJTWg6UB5A7sH2XsaE7oqrY5EMAfV2CqOIHzd5nNBr8RD4K5y576vqf4OwGsL/biWOvbjBGfK/u/6vW+Vvv/8k6zwv+DvbFFaIxADQHbbh7ppMrfka28Vq06AY/TuOPN+pDfUkcQpuqSz6fB1BHEgSB8fO3oAuFggDXQRxmS1RyonZebKecy3njLsnnx98688Dz/yb7/ZVtHJAdXHzcfqec3PTdO4sdE95S7hjn2E5RGs1QqHnHaIvnefgUHFg2JWdb4toqjXoF5reGNBvDmCPDQRhU5geNoU875eikZ5+8/lucU5Jdu6UErN2y1btJo39327duK5Ssr/X1r6kIrNWel8eiKl1w1ukfOHtbu7BkyfUPidX4Qhg2QsUzcxJF4rmulEoFLN46NC1fmjC3JJpIohFs5ilIxFLHbCh5t0M8r2MK6J/7hibcMn3G6dvcJsmuV1kCF9vjZ57yN4VS1w2dPRNm5/JlafqxNINQvGJJhio1ALkjcRKKJZHknAQb/KCkUV0cHIZH/qAvceUJV+qfsRtDp65a9Lsrljx8y9Cr3OlDEMQAABAASURBVOiM/assgQzEX2UB/27el/8jl0+uC6MGTJGpFPKdPc26fG7uzPfmt7Xqcd3rv1qr9v9GsWCjOJBarQYtKxDLsqS7uxsaeIIqElGFIyk/DCmWtALM+Y1PL9fpdvdMOWPc+Km/2O+gs/9n2sw5h5hMu8vHnt9OM3rjph+5z6TZ639S6pjwT45b7PJhLuHPExdKneLxNUGYzjjm/LG0oYH10tGZh9mkBunUpVZdX280e+/XuPbR2Bk889knr//ismXZP2uAcPaIOwPxHTCM6g1dNji07u4g8KWra5w4dukoe9/Oj29r1Xz1qyNvfzgKqgvjsCFd3R2SQitX25K+gX5R25ZUU1ACv7RILeRRWHhsHHY5iMyL45ak0Ug7J/RMu7SQn3jzAQfP/dsJB5/aIdm1K0ggnXzg3Dcm7rjbnFzXWzq6puZgRoHGXZIwUvFhRmmYA+1UajCZdJQ8KRVdWbNqCRTy4X4rqfzKsut/7EZy5tKFN1+14om7BnaFTmVt2H4SsLYfq4zT5iRw003f60+l+dGmX1tQrVZl+rQZZU29vzjuqHdv0z9VZn2wZfY2GoMfTVN/IA7r5lG6Xq9LZ/c48+YKzjgltQDaOobERlEVJEiCDM1GIj3jp4jjdGg+371PEhc+1ymleTMPOvsdIhczM/Jn9w6XwGGH5SbNPv9LanX+pLtnnwPHjZ/u9G4YknotwrhZZnzjOJbOcl5cJ5FmfUiGB9cOhWHlMdf1PxclQ2cumX/DW55bcPt1mCf+Dm9/VuEOkUAG4jtEzCJ3PfBfj9XrvZ+qN4ZWDg8P4xG4PL2zPO5yVA80xec23KtX3HpzGtf+pXf9yqbjWNLT0wPN2hc3VxSB5i0WNPIRIBdesJMralVV5MlLFAvA35KGn8DNyfTps7xicfyxjlX6wcGHNW+dPO20C1ksox0mAe2ZMfe0icH+9zte12W5fFfZdkpSqQbS1dEtCsuYrZYUXDxJxc1ooG91pTrc+0xX2fl6Tv1LvCA+cdWCW//puafnPSnZtcdLIAPxHTjE9/7hh79JtfHFKPIH+AaB30zOPGHO+z6wPZqwdPHNV3R25n9Srw6J7zeNlka+luWICofZkhi+JImhxUWSIkTyfYB93kOZAI/nieRxWFZrRGJbRSmVJnhOruPMceOm/uyAg17/6333P+MMya5XQwIcIMO354BzuiYecPbXSx3jbix3jj+6WOxwSsUOkSQFeGOTDRtJGjbr9UpfL+ih2B/+pq3Nd1mWf9rix371saXP3Py73UDrtk1ns4/tIoHRybNduGVMXlYCd9wz7eu1Rt9/D1cGKh3l7i5L8p+Z85q3bY/DxMSWymVp6t/WbFSk6OUkwaO2pY7wux+W2rCFp+I4Dg4/fbHtVBKNBGegOACL4VpIc6GJUysXESsHcqGpd4LKhUJh/Bs9r/s3Mw8671f7zT7zZOTI7u0ngURkrjN+xgnv8Vy5M18sfqhYLJYcx5Zmsx4MD26ohs3hvtAfeFrCyi/TaODTXlo5tyTRaasX33jZ6kW3X7vqmVv7tl9ztjsnbXFEHycd8dbOSTPPQXgkDr7s3iYJWFtQOsuyXSVweeKWFv11pdL/qzBqNrq7x+3jeN1fnjt3rtOq5pXboOfPn1fVuP7OOGo8LBKIB0QAcouXy4mqLbCiiKqa3472gzqSElErRVzaqnr005IUtvIU20IYpKJ2XvJeB7T0ng4v1/lmS0s3z5x99i9nzDo9+29CozJ7hZ7Zs70p+x111vgZQ9d7+fxXkzjYp9Go99ZqA0sa9b47NKlfZWvjk2Gj73WBDp6w5KlfvH3Fguu/unThTY8tWnSD/wpr3dHF0kn7n3bU+Om175R7Oo5O3fxDaEAKyu7tIIEMxLeDELeWBf8bUCNt/rmof1OjUUtsyz2tXp36ty0+18Qt95V9Ll166zrPql8a+sPLasO9kgQNiWBeSUKYUNIUtvIGzCa+OJ4jlg0Qhz4EyEZlXFMkkRT5EsQkqQUtvADtXCVKLGkC0OPUlc6uCaUozl1ULEy4cfbBb/jVPvucNldEwEmya+skYO+X5uf4UfPtHV3Fp5K0/s9J3Hiv7Ybnq0bHr3zy2Nc+99S1f7Fi/q+/s2bJzQ/tjj8DO3GfMw4cv8/pX0tj6we2Zz+5fMHQP1dWPbMrPzVs3QjuArmtXaANe2UTHn/8f2q9wys+3AyG7i/BWiGp+/Hjjn4HwXCb5bFgwY0LwkbvH+WdcI1KU8aP65I4CqSjVJbOzk7Yv32JYWohSbqZPQMAzoZEUSIBDjx5+FnIl6HVl6XeiGX8xOngo2WR4pvd/PjrD33N227ed/ZZb5o5c25esmtLJRAvX/zkPQOrFvzFsifu/vjaZx/64oalD/563TN3PrHS/NPhy7mXbimvXSrflBmnHj7tgNdeaTm52y3LOjeO/K+tX3LfV0TmB1vU0CzTFkvA2uKcWcbtLoHHH//lerGH31+tDTyczxfH+UH8r0cc8abJ26OipUtveyCNKx8I/cEN/b2rpFwsyODgoCQ4IHPsnNhODjbwnAjAWqGAt4l1q6qkVotiHIG6PPgEiiepQisXKZTKUq3VxSuUJVfolI7uyYVKJTrbtbuvTp3i7TMPPPvDk/Y/cbv0g+3JaJeXwOhT2LTZrz12/P5n/CCycteK6/5ZImG16Q9+qn/1/f+FXuy2mxLavsveGYjv5KG5//6fP+vkwveHQfDwxIlTD8+7nf++vX7LZP78G25wrPCDcVzr58+Odnd0Cl9vdGAjF7HEDyLRNB2lFH5JUmNOEWmttyiKAPaOQJtqAXsqEgaxKGzsXqEojuvJ0HBVxk2cJpZd8hy36yTb6rmyu7jPXfvuf94/TN3vjEN3soiz6l91CVxslacf+9oZr3nDbxpJclPPxIlvcwrOPoOVDfenduXSyrrHfvOqN2EvriAD8V1g8H//+x/NrzSGPjA4MLzQdvJvCoIZn9hezZo///prAdfv7utbP1irA2zHTQAIp5LEKp6XFwWYG4L2LWMuAnoKU4vnuTCbwI4e+kJAtxxHmmEg5XJZarWaDFWHpLOnW/wolHy5C3p7Tsodky3L7ppdLEz+fMGdNG/W7At/NnPmOW/eZ5+TC7LHXntfxzo7Dx83Yfa5H+zYf+gOzU241itPuKDcNWHC+r4+R5z41lK39ZYNi/+AQ/a9TzY7ssfWjqwsq2vzEnjyyZ8/rmn4XtCzBa/4F4fMfu15m8+9dSlPP/3b3xYKyV/4zaEhvzEs+XxOVFVSvoFi2ZKoJYmoKFwRFQRGtfMY4J3GoRRRxrUVinosnleQWtUXF2653CnVOn94yQPY+1IslnBwmopt5ZFetjq7Jk1y3K5L8qUJVxfLEx+cdfB5/z51xolzsm+Cym57dU8/5qhJ+5/wpdLkKfepXfxaT/ekU6dOmVFuNgLpXb+2v5izv7c2XvuW3vkPrt1tO7kbNTwD8V1osB5+4kdPpHb1g0kabCiWO7904IHnbDdTxFNP/OLHjlt738Dgyr4mrCsC0wkPLSOAdgATig2tvNHkmZNlDj2tOBUXQG9DG3c1lTQJRdJIbOS3UhXL8aDN28ibiufmhW+/uJYtSZKIeW3RFhHY1WPU45XK4uY7cna++3DHm/CJcud+t+1/aHTbjFnnfWzGQacdgJzZvYtLYNpBcyd07HfSB8cddNat0jH+Nqt76l86XeMPLJW78kXXk0ZlCNS3uuSmn1j79K0flfnZAeaOGtIMxHeUpLewHtjIHw9C/49FtLfg5b9x+OHnj5PtdD395G9+6eWiDzeb/X3loit8xTCRWBSAOwy7drFYFn4ZCDhswLjZbEIjZ+WJWGlCzxhqTR0CumITaJlfUmm7BHPjV2C/WJJYqMSG+cYp2Hauo9PxOs7IFcd9Ra2Oew868vW/7ph49HunTTt+3zEVZN4dLwGMFnbpdr1z5rj5KcfNnXzo+d8ZCtIHrHzX13Llca8t90weF6lnW25ecq4l/f1rg0a1//GoXvvjvmV3/3e7eObuGAm0VuKOqSurZQsl8Pjj1y1IpPH+XF79KAq+gmJcXHC2/X7mqet/rpb/9g39y9cG/rA4wFa/UTcmlhhmk+GhKvx5KZQ7AO6OpAoAHqEX1h4hSGBPRVUNIWLMTUBPJAL4k9qgrqpiWZbZLGzXs3p6Jk+KIveN06bvf1WxZ/xD+8468+Z9Djj5L/c94ITjBCAi2bUjJZCKzLW79z/+jO79T/mP4lrnoa5xE36diP2n06buu38x35HvxLmHo444ouLalmxYv3I458XXpVH9DYNr7rlzRzY2q6slgQzEW3LY5T4fffTGZZVK/we6uspy+OFz/2l7NnDRMzfOs63wIttqLknCqnR3liSJfLFgNsl5Dg4+Y/OlIJpbEizWVDBNUkvS0UbAh7xU01VVVFtkAZxJqmqAmn7BRY28DeJj/UiSWjMUr9QlYag2NPRJbqH7HM11fcUtjPv9Af6Eeyfve9LXZhxy2hv3PfjUaciPhuAzu7dVApQjqcVn3OzO0r7Hng/g/mrPAdEj5a5Jvyl2TrhsyvSZR6a2W+7o7pEEc8DzPOnr3SCx7xsAX7/6uTVhNPwvK5+68ZK+lfeuajHLPne0BJ4fyB1d8yuob28rsmDB3av7+9d/NIBZ48ADToaJZftJYP7j194/XFl3Ub2y4cnq0AaJ/IoMVwakUPDM71KrBW3LdQHcFhawSqqsm9MlgQdLGhq2lcJUAps3gRmR5gZ+A9QFpIZs2x4FdAsgr9qKV1XE2zDbOKCciFOE9j9BvEK3WHYJNvSevNilOW55/EeboffzWMoPTj/03N/sc+i5fzN+/9NPGDf7xE7Jrq2RgI7N7E077sDSzFPel9/3hB9NnnHgH3Ll8b9wyj0fK/RMOiJI3A5xPTcAcBeKnZJg8IeGhoyprFwsSr0y5EeN6oNp3HhbZcUD/w6+mAn4zO6dIgFrp9SaVbrFEli0aEbt2cX3fcbxdHj69EMO2uKCW5Bx5ZI7n/DsxlyR2u15z0q7OwtSrw5JR0dJaFoJk1gSs/RbQN72t1i3ps5YDZvxbUCnS2rHtf2qhiGjJQVIuLmiBGEqrluW9b2D0gxSUbsoahUkkbx4XpcUSuNy+UL3tDTNvz6Vwr8Viz3zOov73D9p1tnfHz/jhHfve+gpR0ybM6domGYfm5RAaeJhkztnnnx+eeYp/9g1+6zb8+Xxd7mFzm+Pm7LvO8XyZiW2V8wRsNUTt1AW1yuJH8ZSb/qYC7EUip7EYUOa1YFBW8IrG9Xnzqssv+feTVaWRe5QCbRW4g6tMqts6yRwTcz8Tz99z2/TdHgl/duTnnnm1r6gPvzWWr33R/39q5qWDeBOfQlhXlFtAS4UMUkVU4UeYZwFS4qCRFRVBHCLD3OrMowYOAmI4N0mZmj7qd2l4JemAlNKZKine4JYmpNcviz835GW44mbK0mU2AD5knSNmyLqFMX2yoVdK22ZAAAQAElEQVQodQ+B1v7ecvfk/2r49n1hf+GhA15z7i9mHP7av50Im+702Sfug/oUtNfdkycfWZp+yGkHTZx5/B9173/cl3pmnXp755R9HggT61desfsfy10TzoCNZEKpPM6NYkei1JOu7kmSJI5Ydk5iDFwYYWDEMk9maRJJrTKYDg+sX1ivDbx//cJbPjG47NFB2SuuXb+T1q7fxKyFbQmsXr263vZvT3fZsnmDSxb+7j0izX9tNPrrzfqQ5Au2iHL/SASQPEJwzK3mU0RFVcWCmYSk2gqrqrQv1ZZfVU1eVTVJBHN6fL8ppVLJ8KhUKtD6EgB6KF6hJCqu1Bq+dHdNkLofSL3uS6mjQ9RyRW3baIw5r2x3j5tSGjdx+qGx5t8iVv5f8+VxN+c7Jjw+44hz75tx6NwfTJl90p9PnnXsa6fMPHrmzD3ot10OO+ywXPfMo7sn7X/skVMOPOGCzn3nfHbGkWf91BrX8wex8/dIrvQ/pdKEj5c7xs+17MK+Eyfvk+8o92gQJEa2Ko5Qlh407zSxYC5REQA3f1MnwLjkHEvCoC7V4b5aGtSuKVnpeZWVD/wSmbJ7F5JABuK70GDs5KYkK5bM+7zfHPhAoWStGx5aj+UciB9UzWtktqXmG5ue50ngR6JqixpS0+xEEyHFkgqJkQTqJAFgKPKgPBRvQUjEYlkFaMRiYwZGYSBpEovrOmIjwsahaRz60PQZ55pDVhf2eRvAzboFh6wONMY0FdTlSKyuNGMVoLpYblnsXEcutvI9ltd5QuqW3+MUeq7MFSbfkOuc/EhUdh+feuhrfzf14LOumnLIGZ/smXXiOyYdcsYp1Fy7ZpzWg3ZboF3ovtje5/CTx814zWkHTD30jDOmH3bmxdMOP/Pz+77mrB9U7el3dXROfczrmHKHW5jwy85x0z6faPmP7HzXQZbXMT5f7nEtt6iOW4R2DdlaLrRtEc/Ni0B4CvlpCiCn5o1N0rUd4Q+lebYtriYSNIalPrRhsWdHHxpYevc71iy9Z/kuJJisKSMS2MUm7EirMmdnSSBd/dw9P+1dv/z8KKzelyR1yXsKMA+lURvC4rcMoBJMvVxBxl4E7LFh+lVVVJ8n5iElAPY2KZBEofEbkkgUMM+ybTITFIDSDm/sxigRpyqpuoYSAhXsuqkgDAKgCwngnrOcrm7L7TgQdK645Q+o0/kf+dKEnzhe+e7YLT/WM2Xc/EmHvvaJaUedf+M+x7zuh+Nnn/r/jTvolE9MOOiUd0w48OQ3Tjrk5FMmHnjK0ZMPOu2AKYecNHPCwadOm3jY3CnTDzlhPIG2e+bcboBtT88Bc7rG0j6Hnz+uA3kmzzpl0qQjzp489bBTZ0yafcqsKbNPPXzi7JOPmTLr1LPGzz7xzRNmn/TBSQee8alJs0/70oHHX/iDKYecdfv0I4YeVbvr8dTpeszJl28DOP8U/fmsuuX3qFc+3s6VZ6jX0Q1yLZwvaK6Ijawo6hSwV/JcIWfkUip14EmmCexW8TxPeCgdh5HkLJWwXhdq3fXhQSm4tiRRXZr1wboV1n7WWXDPX/fMnT+G3FNQdu+CErB2wTZlTdrJEli/6oHHwmJ8br3W+816ZX09CIakq9OTJPbFy9nQ4mKpN6qiqqalUOSMS4AeS4wEvgJEUASe1FAKIHmeLIB4mxTIYkA9hb4OEgPoiQEc8mJYEdcmEfBJ+AlTgKAtiraNEEE9gbmAbgpQVysvQleLYlklQ+qUJLUK4hS6xPZK+VoznWLlOw+rNOLz/cR6l13s+LSVK39JcuWfiNfxawDnnXah/KDmi49bua7HYcp5CpvZU5of/4S43U+UewqPJ3bXI6XOKaNU7pr6SK5UfLTTm/BY6pUfy7vlJ1PpfDzfMfFRpzTuIbfYfZ/b2XNzqXPSL/Ll8d+x88UvFnsmfKJvuPGeXKlrrpUrHaFucTrMI2WxC7bYeQskpNTCmIDYvzaxj6kAuNl3kJvL42kqkiCIpLOzWxRPPPXKMMbREc91MKYBXEuSZkM6S640K/1BVBuY78T++9YtuP2dzz1522LJrl1aAtYu3bqscTtNAr3z51VXLbnjL1Sbf9qo969KoZU7dijNZlW8vCP5fE6Irqoqqi2SjS4Celvjpp/ELKqt/JZljZQV4yIED1B5RPPWVMZciB8TInQ/H9QRL90RUksExEM6UoSdJhFbUnVASIPGriDHLQjwTSy7IC40Wcv2ZNr0GTA/qORLXZIvdII6DLn5TtvxOhxQyc6VO0DdseTGgaaCpsVpbt9Y3P1A+7cpTOz9q41oXwtAnCt0TKn58YSuCZO7gsQq214h7xW7cshjgwjO6nhlSdGGSVP2FYK0oI2JQtYjlIojCfsgOUnQnzgRHEymL6IYCRGeeOiqqtDOzTeO6JZxBhEEgdTxdKVxU3IYV00aAPCBtVba/LLf7D2td9GdV4ugCnxk964tAczmXbuBWet2qgTS5c/e+WMnDk9u1vt/1WgMNHNuLHFYlzBqim1bAN90hBRui9hiAvbGxPg2WZYjlmWJWCpQ0AGs0KqVvNRkacUZ70YfKcIkOLhVVVDMkCSIB7XDlqhYkhrihtMmtVHGFmH7bdiBLbQlDGK0x8FTgsrAwJAU8h3QUkVEkdG00xJkkFT1BeR6nhiCeck1lBcX2m+bcl7BhAm+Xh7KtJOTSrUupXKnMA4WDSmWOoT5LNsVvpddqwdSqzdFLFsUbVO0kf42pWgTe6WqwstK0W9wkzGUwkxiCMLgOHhoZ7VaFQt9sRyFWawmEyZ2iwDE+9avqCVx7ddpWDlv9fxbPj204okB8s1o95AAZubu0dCslTtPAosX3/ncwvm3vDUIqpdVhjesiqG1FfHonaQ4kJR4tGGqLVBpRxA8VFVUtR016jKtTaOR0sqXPh8xxteeqq08TAA+iQ3eqgoQTwHAhDZAmQE15EAGRTFDALgUJppUIvh49NpyG426wXbkFsfBIR945XI5KRQKEoYjfUstMLXQOlssaMEktZAXBIUXWjuwEI2ON0E+ULrc2SUpGhFEsdCfyxeg/cfSDELEi4RgEmHzqdYbUqnVpaOjSxhWgjXKsW1pokJKxELQEgQlZT81EgHxMLhNyn4rog3hw07BL5RcDiaUvCvDsH2z00uWLPajsH6356R/PKUw+LZ1S+59QrJrt5MAZ8Ru1+iswTtFAumKxb//riP2MQ2/9r9r1jzXCMOm0FwSx7FxDaiMNC2RVEgMtuPpvoiQIRUAlCGAUwrQaQMV3ITEKOR7/mbECAH8FGDGiWyhzpY/FaNGx5EobMD8XfQ0DUVGKE0C42d8V2dZgHkS+oEkAFm6Ap7Dg0M47LMlBcBuigQomqKtSqCFxpy2Nd+NXK9YkN7+PrGwQUQwbzR8XwaGhiRBZ4rlMuJzMlSpiQPtffzEyaK2LXGaSqpq8tBPSrFZkjSNKRG0ORa2X9NEFBuT8FcmDWHjSSJBZwz5QQMbkgdzSgh+qfhhKJbrBGGSPDVh/LiP9NjrXrtu0X2/fvjhhyEgNCq7dzsJcO7vdo3e6Q3eixuwaNENvcsXXv8u2669LQoGH42TapiIL6kEIOJAJOmITZtiSqCeAmfEuASnVAE+AFkmkgwYArQ2ildVUVXmEEnb07TttqL5mYK5gi/9lrb4KuEKYMcNRtAWhZ+uIWS0wMbChw23v78fGmpO+K46NyO6KfgVi0VheVU17VBVlBTjF4J2K2jyMN/mqF6vSxlgTdcBkKsqNO0Ow4dxbHsJWj8YSQXgHgNkScV83vw+uyoqYh/gUsO20G66LVJpHQa3XMHFthsxYCMSkDm8DAPJ4dA4DmpJbWj9s5E/+HcabTjluceu+6/52U/GQmq7941pvHt3IGv9zpHA8oW33dBVWHVCnA797fDQqhVxCnsrDsgGKxuAHQEalQDrHGMqoLnAcXKi4kBhTEQA3HwnOQRgISPiBZS0KIUfBCZCgCNxkgKDaAEYpRTgbQgAl46hBBorieAGrB3ValVsEW4GJOiy9ENJl0K+BLOGLwm0ZFU178KrKuz+EXKhDD4FlKqFzckStjLGhmNIUlEl5xTcW6SqJk615bqOJyHs7TTRRBE2OJRFVahPJGfnhNq/Q/6QRQ4AnXNshiRoNvAkYMGto88JeKYoE6F3saAyCeLA+GO0i9KOYeZRNy9RrGKpJ2mkkuNrl34oSaMhQW1oddjYcHnRa5y07qlbruhfdP+wZNceIQFrj+hF1omdIgE+gi967MYrOrvTOWFj8IowGF5fKFgS4eDTdlLxmzUBLokNE0EDQKKqsM3GYruOBAG0Q5gQ2HBVFQUyWQQi+kGCK4VGrKrwte/EeBJNjfuiDwPQiKXbJuEU34hSB5nacfBu7sbm0EpKsKG0fOZzNJ6hhB+jZGFzYYCbjnEB+y2Xn4LWMH8CYEYYfCxRUVUEWne7a6qKvCo9PV1Gfr7fEAeaPOVJWbqua+IpI25AgisKmuLYKjnIN4IZpT48EFtJuMiKmp8L6n3H9S++/59XPnVvP7Jm9+4ngc222NpsSpaQSWALJbDw4Xkblj19yycald5TNGr8MAnqtUZlQFwAeZr4YuHgLefZIhpLB2zQQeRLCtxqa6ZpopIigiTCKWmZdBm5DOypCLIZQlYR2p6VGcAXG4CMUqu8SMu1AOakdvjFrogKagCgogaAdfLC8Jg0po/SSH7BxfJjiUCuKYEavOiChwmPdUf8Bs2B+OzTpqivbwD27BSA7UoOm169AvNMoYxilsQ4GNUokSLA3YEdPAZwd5YcqVfWBzknWFwuJf9cr6w8Y9n8Gy/fsPzhNWhqCsruPUwCnOl7WJey7uwsCTy36J7Fi568/j0S+6cVc/HP67Xequ8Piaov9caAhFFNBof7JIoCHOTZAOpEqEW2zAstPzVLEvtA+29CzwhgtkCujUMJ+CpTRQDUpJQoL4zbBLUKIy/S2n6WHuEtAFVDJsyEhB+gBMAOB/EEavgAoPxMjNuOY0yb2nGatmII4PQ9H2Yo4QdqTSVCwlhq958ZOjs7AeKxsaM38DSTh62c37SMAOAFLy8uulOC5h1DUy/npLZ+9bJ77LTy0bDWd+qSR69vgzdZZbSHSiAD8T10YHdmt5Y9e/Oj8x+79mI78ec6lv+DKBwaVm2K7STi5gCVfEsEWrkCvAwB7OBlghDU2XZVFVUVAXgKLuIuHHPHksIe3CICXptM4sgHIXIsCSsYQyn8qBa5X5ALYd6Mo0tirjHE9oAswK/AZY5NEtNA6IG0KIH7QkKHTT+SNEWPwMX0VyXFU0aCsik0dJpRbJhIGrUq7OehwCs515YYG2HYqEsaNONKX2+vo80fRY3+1/XtY5+58qk7vrt+6f3rwHGn3lnlO0YCGYjvGDnvjbWkKxbf/vCKZ256X21o7TES1z4/OLh6oabNkF8YGhpcLwkO5ywFQMLcQkAjWQbOAHZpAhMLDvGM5OgH0AHsCOAmyphLkcj+kAAACdFJREFUWj4DpgA946J8YniS7xgC6KbM03bpJ42wkBF+KCGtDQMtUSYCVEdcAQzLRleKciRJkR9+uiYLwvQbfiZiMx8A7hSgLbYlqio8kDUbmyq4JcbGnfdcA9oOLEcxTCbV4QERGL3T0L/HTsK/ylnNOcsfu+VPVsy/+y6ZNy+S7NqrJGDtVb3NOrtTJLBuxYNLVi68/R81r3NgN/8TW5o3lwtWQ5OGxGFV0rgpkvoiVtgiDSUVYBG0daGuCkBHBoB6IvSSpIW0kiDPCylBH1uUAqRTbBAtQlkT3tgFZwUAjyXAZzqWAKjtMIH5BYR8yUjZtmvyjsSlbRetagP6qKuoG/0TSchFuAkpOqcp+g5NOwU5SNuwdqXk7ESSZiVIg+pCT6N/l7h58soJtTOXPnXT1xc/eedzkl17rQQyEN9rh37Hd5y/x7J26d1XL3rs+vPqzf5j0rjxhSisPBpG9WYS14FlDYBZAI0UJIEIzC4KIrgJ3/VGkxUgB0cUWjndFiVwXkgEcAEAtqkdbruteBRDjWJIRIzLJdECdcYThGX0bZZ2/rZroQZLUpQjDLddgnmizPM8pQiTno8Z8SUx+hKjObFYOJzUGM8aETYzHv6GTf4cbKMjby+rDfZepXHtLWHiH7fiiZv+dv3C2x/LtO4RGe7lDmfsXi6CrPs7QwKrF9y9YNkzN/992Vl1oqW1s+Jo6MtJUn8GYF5PAegWDkNjHIRKEghfbMnR3ADItKHZ0i6cRLHYohIT9ADotm0L3zt3cq7EAHrjdxyUAHpayKk28qaijgvdVyUBH8ClJOh8MgLCm3JTlAuiRHCL2I6kqRpSxKvtIh7tcD24qYjlgJ+KIC1Bvva75PlS0bxSKbj4eiXbp45IAo3bVRUNI4FtW8JmTRqVQYn9WiBxc7HGwVVxUHnL8ND6Y3sX3fOnK5+++/oNC+6ugE12ZxIYlUAG4qOiyDw7QwL8xuCyp+fdt3zhHZ9c4m04sl4fPDuJm58N/OqdthX1WxL6jfqQ+cU9863DENo6tFfPxdSFdm5rKvkcT0sJxwLzTCQ2AJpEIOdX5o3fDySHfH7dN1/w8RxP4ihFXoAoeADmRUddxrWo2QyE3970XFciPxK+q02qVyuSRIHYti0+7NQsq2gPXR7OKuDczdmSQqtu1IbEdSwpFfPoR0VsK4VJOxAL+YN6RYLaoG9FwToNm3eVcvbnNInO9oPmMSufvO1P1zxz7++yH6TaGTNz96kTK2H3aWzW0o0lsIeFH344XLXo7vsWP3HLPy958uYzg3rvcY1q3wfKBb3Kc+InHQ0qUVCLk6gukjSlWR0SBxpvo1YHoMbSVSqLlaQwT6Qyvns8gDIWx3KxDUTiuXnjz7sFqQxWRGIVG38EeRSWFKaMNA4lAdFtU2e5KH6jJkGzgc2CvJrQ21PhYWPBy4kF4C/kXCFI+806ADqBX6ReHRTXTqVYyGGz8JEvkXptUDT2JWrWfNdKN/jVwXutOLiio2C/A4eVJ68tDL92xeO/u3zN/Hl3jdG4U8muTAIvIQHrJdKypEwCO1UCyxc8sHTlort/9NSDv/7TxY+Xjo79ylFWWHtTKW/9c1AfvC5nR/P9xvB6W8J67NeD2lC/5B0VvzYswwO90gEALUIbFtiXHViuh/o2iAczRinvAlgDyUObt61EHBx4WjhMbbu2xGKRcGgaNKrQpn1xAMguyjqIr6KeEnj70KItmHualQFsHgE2EQ9a9ZAUXZWeUj4Z7F3VHFi/su5ZyXOpP/xkUq9cbSfBZ1xpXjC0Yflxvc9MPH3N07d/Ytmjt/5qaPkDSwWb2E4VeFb5bimBDMR3y2HbGxt9Tbzg8d8tXbnkzuufevAXn12x4JY3l2TFMbYMH6NB9cKCG308iYavrFd6f9dZdhbY2lxXGVhdG1i/IkijWqRJI+G3GauDGyT1axLVB6Ux3At8HwZVn6egBg2+JjFc2KZF00CKeVvqlX6pDK6TJKxic3D4vyclaAwkaXM4SvxKoz7UOyRhbVleo4cG16/8ETaZfyvZ6fuLTnxuvTp0Ule8ds7q+bf/0Zqn5/3Lisdvv3Vw6SPLRa6J98aRzPq8fSWwo0F8+7Y+47ZXS4D29OcW3L16+YLbblv0+I1Xrl54x1+sePqW85+V1a/xm72Ha1rDoWlwXljb8O4kHL6sPrjmCyqNb8fR8NVpUr2uVLBukah5l0T+IxI2H5Oo+aTEzaeB4PM18UHh/LA5PN+vDz2cs9N7S559i6Pxb2uV3u/k7fRfrKj5sahe+RM3rJ9ZdMM5leGFRz43Ljx5/TN3/sma+Xf8/XNP3fGT1c/ce88GtJFt3asHK+v8qyaBDMRfNdFmjHeaBGCWWPXMA31rFz341NpF996x4blHfrL0iVu/sW7J/X+/5pl5f7YKGvHaBXe+eckjN54L7fjM1ZOSE9aUKsevKVaOXSvrjy4HK44t+csNdUarjl09ITlp7dMTT1/yh5vOW/7ErW9c/+z9H178+C2fWbvo/ivXLb7vZ2uXPPjgc0/es3jDggWV7LW/nTbqe23FGYjvtUOfdXxEAokB3ocfDo1Nev78YNGiRf5YMuliTB/pSJnM2Z0ksIe3NQPxPXyAs+5lEsgksGdLIAPxPXt8s95lEsgksIdLIAPxPXyAs+7tjhLI2pxJYMslkIH4lssqy5lJIJNAJoFdTgIZiO9yQ5I1KJNAJoFMAlsugQzEt1xWWc7NSyBLySSQSWAnSSAD8Z0k+KzaTAKZBDIJbA8JZCC+PaSY8cgkkEkgk8BOksBeC+I7Sd5ZtZkEMglkEtiuEshAfLuKM2OWSSCTQCaBHSuBDMR3rLyz2jIJZBLYayXw6nQ8A/FXR64Z10wCmQQyCewQCWQgvkPEnFWSSSCTQCaBV0cCGYi/OnLNuGYS2BMkkPVhN5BABuK7wSBlTcwkkEkgk8DmJJCB+OYkk8VnEsgkkElgN5BABuK7wSBlTdxyCWQ5MwnsbRLIQHxvG/Gsv5kEMgnsURLIQHyPGs6sM5kEMgnsbRLIQHxnj3hWfyaBTAKZBLZBAhmIb4PwsqKZBDIJZBLY2RLIQHxnj0BWfyaBTAKZBLZBAq8AxLehtqxoJoFMApkEMglsVwlkIL5dxZkxyySQSSCTwI6VQAbiO1beWW2ZBDIJvAIJZEU2L4EMxDcvmywlk0AmgUwCu7wEMhDf5Ycoa2AmgUwCmQQ2L4EMxDcvmywlk8Arl0BWMpPADpJABuI7SNBZNZkEMglkEng1JJCB+Ksh1YxnJoFMApkEdpAEMhDfQYLe9avJWphJIJPA7iiBDMR3x1HL2pxJIJNAJoERCWQgPiKIzMkkkEkgk8DuKIH/HwAA///Gnlc3AAAABklEQVQDAGuevnCHi3ycAAAAAElFTkSuQmCC	083127378535	\N	\N
\.


--
-- Data for Name: _prisma_migrations; Type: TABLE DATA; Schema: public; Owner: arfcoder_user
--

COPY public._prisma_migrations (id, checksum, finished_at, migration_name, logs, rolled_back_at, started_at, applied_steps_count) FROM stdin;
eaa3c49c-cbf3-4e38-8c70-30aa2da47077	a278c4cd9c248a88852988b8b35ffc04b43cb82f65799d3fc8d70d2bb959a73c	2026-01-27 08:50:55.153854+00	20260123160022_init	\N	\N	2026-01-27 08:50:55.097067+00	1
718c0aad-b5ed-4d50-92e0-64e60f4f9efa	3f008d6048d58a83bf011e50062896dca23c424bcb9be555fd5f079a0a9b564c	2026-01-27 08:54:00.932552+00	20260127085400_add_avatar_phone	\N	\N	2026-01-27 08:54:00.916008+00	1
\.


--
-- Name: CartItem CartItem_pkey; Type: CONSTRAINT; Schema: public; Owner: arfcoder_user
--

ALTER TABLE ONLY public."CartItem"
    ADD CONSTRAINT "CartItem_pkey" PRIMARY KEY (id);


--
-- Name: Category Category_pkey; Type: CONSTRAINT; Schema: public; Owner: arfcoder_user
--

ALTER TABLE ONLY public."Category"
    ADD CONSTRAINT "Category_pkey" PRIMARY KEY (id);


--
-- Name: Message Message_pkey; Type: CONSTRAINT; Schema: public; Owner: arfcoder_user
--

ALTER TABLE ONLY public."Message"
    ADD CONSTRAINT "Message_pkey" PRIMARY KEY (id);


--
-- Name: OrderItem OrderItem_pkey; Type: CONSTRAINT; Schema: public; Owner: arfcoder_user
--

ALTER TABLE ONLY public."OrderItem"
    ADD CONSTRAINT "OrderItem_pkey" PRIMARY KEY (id);


--
-- Name: Order Order_pkey; Type: CONSTRAINT; Schema: public; Owner: arfcoder_user
--

ALTER TABLE ONLY public."Order"
    ADD CONSTRAINT "Order_pkey" PRIMARY KEY (id);


--
-- Name: Otp Otp_pkey; Type: CONSTRAINT; Schema: public; Owner: arfcoder_user
--

ALTER TABLE ONLY public."Otp"
    ADD CONSTRAINT "Otp_pkey" PRIMARY KEY (id);


--
-- Name: Product Product_pkey; Type: CONSTRAINT; Schema: public; Owner: arfcoder_user
--

ALTER TABLE ONLY public."Product"
    ADD CONSTRAINT "Product_pkey" PRIMARY KEY (id);


--
-- Name: Service Service_pkey; Type: CONSTRAINT; Schema: public; Owner: arfcoder_user
--

ALTER TABLE ONLY public."Service"
    ADD CONSTRAINT "Service_pkey" PRIMARY KEY (id);


--
-- Name: User User_pkey; Type: CONSTRAINT; Schema: public; Owner: arfcoder_user
--

ALTER TABLE ONLY public."User"
    ADD CONSTRAINT "User_pkey" PRIMARY KEY (id);


--
-- Name: _prisma_migrations _prisma_migrations_pkey; Type: CONSTRAINT; Schema: public; Owner: arfcoder_user
--

ALTER TABLE ONLY public._prisma_migrations
    ADD CONSTRAINT _prisma_migrations_pkey PRIMARY KEY (id);


--
-- Name: CartItem_userId_productId_key; Type: INDEX; Schema: public; Owner: arfcoder_user
--

CREATE UNIQUE INDEX "CartItem_userId_productId_key" ON public."CartItem" USING btree ("userId", "productId");


--
-- Name: Category_name_key; Type: INDEX; Schema: public; Owner: arfcoder_user
--

CREATE UNIQUE INDEX "Category_name_key" ON public."Category" USING btree (name);


--
-- Name: Order_invoiceNumber_key; Type: INDEX; Schema: public; Owner: arfcoder_user
--

CREATE UNIQUE INDEX "Order_invoiceNumber_key" ON public."Order" USING btree ("invoiceNumber");


--
-- Name: User_email_key; Type: INDEX; Schema: public; Owner: arfcoder_user
--

CREATE UNIQUE INDEX "User_email_key" ON public."User" USING btree (email);


--
-- Name: User_googleId_key; Type: INDEX; Schema: public; Owner: arfcoder_user
--

CREATE UNIQUE INDEX "User_googleId_key" ON public."User" USING btree ("googleId");


--
-- Name: CartItem CartItem_productId_fkey; Type: FK CONSTRAINT; Schema: public; Owner: arfcoder_user
--

ALTER TABLE ONLY public."CartItem"
    ADD CONSTRAINT "CartItem_productId_fkey" FOREIGN KEY ("productId") REFERENCES public."Product"(id) ON UPDATE CASCADE ON DELETE CASCADE;


--
-- Name: CartItem CartItem_userId_fkey; Type: FK CONSTRAINT; Schema: public; Owner: arfcoder_user
--

ALTER TABLE ONLY public."CartItem"
    ADD CONSTRAINT "CartItem_userId_fkey" FOREIGN KEY ("userId") REFERENCES public."User"(id) ON UPDATE CASCADE ON DELETE CASCADE;


--
-- Name: Message Message_senderId_fkey; Type: FK CONSTRAINT; Schema: public; Owner: arfcoder_user
--

ALTER TABLE ONLY public."Message"
    ADD CONSTRAINT "Message_senderId_fkey" FOREIGN KEY ("senderId") REFERENCES public."User"(id) ON UPDATE CASCADE ON DELETE RESTRICT;


--
-- Name: OrderItem OrderItem_orderId_fkey; Type: FK CONSTRAINT; Schema: public; Owner: arfcoder_user
--

ALTER TABLE ONLY public."OrderItem"
    ADD CONSTRAINT "OrderItem_orderId_fkey" FOREIGN KEY ("orderId") REFERENCES public."Order"(id) ON UPDATE CASCADE ON DELETE CASCADE;


--
-- Name: OrderItem OrderItem_productId_fkey; Type: FK CONSTRAINT; Schema: public; Owner: arfcoder_user
--

ALTER TABLE ONLY public."OrderItem"
    ADD CONSTRAINT "OrderItem_productId_fkey" FOREIGN KEY ("productId") REFERENCES public."Product"(id) ON UPDATE CASCADE ON DELETE RESTRICT;


--
-- Name: Order Order_userId_fkey; Type: FK CONSTRAINT; Schema: public; Owner: arfcoder_user
--

ALTER TABLE ONLY public."Order"
    ADD CONSTRAINT "Order_userId_fkey" FOREIGN KEY ("userId") REFERENCES public."User"(id) ON UPDATE CASCADE ON DELETE RESTRICT;


--
-- Name: Otp Otp_userId_fkey; Type: FK CONSTRAINT; Schema: public; Owner: arfcoder_user
--

ALTER TABLE ONLY public."Otp"
    ADD CONSTRAINT "Otp_userId_fkey" FOREIGN KEY ("userId") REFERENCES public."User"(id) ON UPDATE CASCADE ON DELETE CASCADE;


--
-- Name: Product Product_categoryId_fkey; Type: FK CONSTRAINT; Schema: public; Owner: arfcoder_user
--

ALTER TABLE ONLY public."Product"
    ADD CONSTRAINT "Product_categoryId_fkey" FOREIGN KEY ("categoryId") REFERENCES public."Category"(id) ON UPDATE CASCADE ON DELETE SET NULL;


--
-- Name: SCHEMA public; Type: ACL; Schema: -; Owner: arfcoder_user
--

REVOKE USAGE ON SCHEMA public FROM PUBLIC;


--
-- PostgreSQL database dump complete
--

\unrestrict Is09b9OPLvQzHpeHH4IM3BpvYqgTeTkPrZGlCWXAdEspV1TPyPJOf2Tt3Ulci1J

